Day,Sales,Predicted_Sales
d_1,32631,27557.300832285942
d_2,31749,27564.39734027239
d_3,23783,27571.493848258837
d_4,25412,27578.59035624528
d_5,19146,27585.686864231728
d_6,29211,27592.783372218175
d_7,28010,27599.879880204622
d_8,37932,27606.97638819107
d_9,32736,27614.072896177513
d_10,25572,27621.16940416396
d_11,23071,27628.265912150408
d_12,23658,27635.362420136855
d_13,23756,27642.458928123302
d_14,26445,27649.555436109746
d_15,34833,27656.651944096193
d_16,36380,27663.74845208264
d_17,21804,27670.844960069087
d_18,24070,27677.941468055535
d_19,21443,27685.03797604198
d_20,20318,27692.134484028426
d_21,23721,27699.230992014873
d_22,31689,27706.32750000132
d_23,29283,27713.424007987767
d_24,23966,27720.52051597421
d_25,20501,27727.617023960658
d_26,20757,27734.713531947105
d_27,20277,27741.810039933553
d_28,22529,27748.906547919996
d_29,29908,27756.003055906443
d_30,28707,27763.09956389289
d_31,21240,27770.196071879338
d_32,22872,27777.292579865785
d_33,22046,27784.38908785223
d_34,23475,27791.485595838676
d_35,23572,27798.582103825123
d_36,31202,27805.67861181157
d_37,34876,27812.775119798018
d_38,24562,27819.87162778446
d_39,22752,27826.96813577091
d_40,22560,27834.064643757356
d_41,22626,27841.161151743803
d_42,25572,27848.25765973025
d_43,32225,27855.354167716694
d_44,31417,27862.45067570314
d_45,24935,27869.54718368959
d_46,24021,27876.643691676036
d_47,22765,27883.740199662483
d_48,21779,27890.836707648927
d_49,23855,27897.933215635374
d_50,30599,27905.02972362182
d_51,29643,27912.12623160827
d_52,23101,27919.222739594716
d_53,20492,27926.31924758116
d_54,19230,27933.415755567607
d_55,18854,27940.512263554054
d_56,23350,27947.6087715405
d_57,29620,27954.70527952695
d_58,29866,27961.801787513392
d_59,21449,27968.89829549984
d_60,19581,27975.994803486286
d_61,18928,27983.091311472734
d_62,21742,27990.18781945918
d_63,28309,27997.284327445625
d_64,33478,28004.38083543207
d_65,33058,28011.47734341852
d_66,24852,28018.573851404966
d_67,23581,28025.670359391414
d_68,22656,28032.766867377857
d_69,22901,28039.863375364304
d_70,24754,28046.95988335075
d_71,31745,28054.0563913372
d_72,31536,28061.152899323646
d_73,24829,28068.24940731009
d_74,23218,28075.345915296537
d_75,21611,28082.442423282984
d_76,21964,28089.53893126943
d_77,25482,28096.63543925588
d_78,29234,28103.731947242322
d_79,29787,28110.82845522877
d_80,22389,28117.924963215217
d_81,19474,28125.021471201664
d_82,20188,28132.117979188108
d_83,19768,28139.214487174555
d_84,24279,28146.310995161002
d_85,29575,28153.40750314745
d_86,24018,28160.504011133897
d_87,20004,28167.60051912034
d_88,18113,28174.697027106788
d_89,17929,28181.793535093235
d_90,18145,28188.890043079682
d_91,22735,28195.98655106613
d_92,28101,28203.083059052573
d_93,29045,28210.17956703902
d_94,22837,28217.276075025467
d_95,24080,28224.372583011915
d_96,20761,28231.469090998362
d_97,21184,28238.565598984806
d_98,24486,28245.662106971253
d_99,28412,28252.7586149577
d_100,23688,28259.855122944147
d_101,25024,28266.951630930595
d_102,22231,28274.048138917038
d_103,22165,28281.144646903485
d_104,22413,28288.241154889933
d_105,25648,28295.33766287638
d_106,28736,28302.434170862827
d_107,31320,28309.53067884927
d_108,22213,28316.627186835718
d_109,19613,28323.723694822165
d_110,18770,28330.820202808613
d_111,18684,28337.91671079506
d_112,21649,28345.013218781503
d_113,27112,28352.10972676795
d_114,26246,28359.206234754398
d_115,20954,28366.302742740845
d_116,19203,28373.399250727292
d_117,19058,28380.495758713736
d_118,20480,28387.592266700183
d_119,22481,28394.68877468663
d_120,25527,28401.785282673078
d_121,23449,28408.88179065952
d_122,22538,28415.97829864597
d_123,19555,28423.074806632416
d_124,23165,28430.171314618863
d_125,22681,28437.26782260531
d_126,26781,28444.364330591758
d_127,30310,28451.4608385782
d_128,31604,28458.55734656465
d_129,26685,28465.653854551096
d_130,25089,28472.750362537543
d_131,24453,28479.846870523987
d_132,24782,28486.943378510434
d_133,26419,28494.03988649688
d_134,29940,28501.13639448333
d_135,31094,28508.232902469776
d_136,25752,28515.32941045622
d_137,24155,28522.425918442666
d_138,25258,28529.522426429114
d_139,22706,28536.61893441556
d_140,24712,28543.71544240201
d_141,28825,28550.81195038845
d_142,26106,28557.9084583749
d_143,24261,28565.004966361346
d_144,21810,28572.101474347794
d_145,21401,28579.19798233424
d_146,22780,28586.294490320684
d_147,24638,28593.39099830713
d_148,26482,28600.48750629358
d_149,27668,28607.584014280026
d_150,22642,28614.680522266473
d_151,19800,28621.777030252917
d_152,19930,28628.873538239364
d_153,21451,28635.97004622581
d_154,31033,28643.06655421226
d_155,33001,28650.163062198706
d_156,29173,28657.25957018515
d_157,23033,28664.356078171597
d_158,26596,28671.452586158044
d_159,26602,28678.54909414449
d_160,26727,28685.64560213094
d_161,27679,28692.742110117382
d_162,32486,28699.83861810383
d_163,31539,28706.935126090277
d_164,26592,28714.031634076724
d_165,24632,28721.12814206317
d_166,23445,28728.224650049615
d_167,23447,28735.321158036062
d_168,27349,28742.41766602251
d_169,30869,28749.514174008957
d_170,30334,28756.6106819954
d_171,24639,28763.707189981847
d_172,21931,28770.803697968295
d_173,22487,28777.900205954742
d_174,22778,28784.99671394119
d_175,26356,28792.093221927636
d_176,30284,28799.18972991408
d_177,28799,28806.286237900527
d_178,22895,28813.382745886975
d_179,21195,28820.479253873422
d_180,20504,28827.575761859865
d_181,21243,28834.672269846313
d_182,24542,28841.76877783276
d_183,28953,28848.865285819207
d_184,28677,28855.961793805654
d_185,26607,28863.058301792098
d_186,25475,28870.154809778545
d_187,27237,28877.251317764993
d_188,23713,28884.34782575144
d_189,26594,28891.444333737887
d_190,31959,28898.54084172433
d_191,32006,28905.637349710778
d_192,26354,28912.733857697225
d_193,26213,28919.830365683672
d_194,24578,28926.92687367012
d_195,24708,28934.023381656563
d_196,28544,28941.11988964301
d_197,33003,28948.216397629458
d_198,33909,28955.312905615905
d_199,28511,28962.409413602352
d_200,25266,28969.505921588796
d_201,23681,28976.602429575243
d_202,23376,28983.69893756169
d_203,27004,28990.795445548138
d_204,32258,28997.891953534585
d_205,33973,29004.98846152103
d_206,25324,29012.084969507476
d_207,22617,29019.181477493923
d_208,21935,29026.27798548037
d_209,21414,29033.374493466818
d_210,24268,29040.47100145326
d_211,30383,29047.56750943971
d_212,30626,29054.664017426156
d_213,22085,29061.760525412603
d_214,20350,29068.85703339905
d_215,21723,29075.953541385494
d_216,26299,29083.05004937194
d_217,29208,29090.14655735839
d_218,34032,29097.243065344835
d_219,26925,29104.33957333128
d_220,30158,29111.436081317726
d_221,26134,29118.532589304174
d_222,24445,29125.62909729062
d_223,24048,29132.725605277068
d_224,28246,29139.822113263515
d_225,33030,29146.91862124996
d_226,34632,29154.015129236406
d_227,26138,29161.111637222853
d_228,24645,29168.2081452093
d_229,23505,29175.304653195744
d_230,26343,29182.40116118219
d_231,26933,29189.49766916864
d_232,32195,29196.594177155086
d_233,32034,29203.690685141533
d_234,24367,29210.787193127977
d_235,22675,29217.883701114424
d_236,21796,29224.98020910087
d_237,21859,29232.07671708732
d_238,26706,29239.173225073766
d_239,32466,29246.26973306021
d_240,33228,29253.366241046657
d_241,24090,29260.462749033104
d_242,22788,29267.55925701955
d_243,22193,29274.655765006
d_244,22383,29281.752272992442
d_245,30182,29288.84878097889
d_246,39312,29295.945288965337
d_247,37214,29303.041796951784
d_248,30455,29310.13830493823
d_249,26114,29317.234812924675
d_250,25913,29324.331320911122
d_251,26066,29331.42782889757
d_252,29985,29338.524336884017
d_253,35930,29345.620844870464
d_254,35940,29352.717352856907
d_255,29401,29359.813860843355
d_256,27427,29366.910368829802
d_257,27414,29374.00687681625
d_258,26116,29381.103384802696
d_259,29885,29388.19989278914
d_260,38426,29395.296400775587
d_261,36127,29402.392908762034
d_262,27592,29409.48941674848
d_263,24202,29416.58592473493
d_264,22441,29423.682432721373
d_265,22402,29430.77894070782
d_266,27130,29437.875448694267
d_267,33151,29444.971956680714
d_268,32876,29452.068464667158
d_269,24516,29459.164972653605
d_270,22437,29466.261480640052
d_271,22142,29473.3579886265
d_272,22982,29480.454496612947
d_273,26880,29487.551004599394
d_274,33219,29494.647512585838
d_275,31853,29501.744020572285
d_276,22695,29508.840528558732
d_277,26039,29515.93703654518
d_278,24808,29523.033544531623
d_279,27902,29530.13005251807
d_280,28596,29537.226560504518
d_281,36887,29544.323068490965
d_282,37887,29551.419576477412
d_283,27278,29558.516084463856
d_284,25188,29565.612592450303
d_285,26092,29572.70910043675
d_286,26147,29579.805608423198
d_287,29755,29586.902116409645
d_288,35922,29593.99862439609
d_289,35348,29601.095132382536
d_290,26773,29608.191640368983
d_291,26701,29615.28814835543
d_292,23928,29622.384656341877
d_293,23114,29629.48116432832
d_294,26507,29636.57767231477
d_295,33545,29643.674180301216
d_296,32753,29650.770688287663
d_297,25574,29657.86719627411
d_298,25654,29664.963704260554
d_299,30787,29672.060212247
d_300,18427,29679.156720233448
d_301,23998,29686.253228219895
d_302,25292,29693.349736206343
d_303,27134,29700.446244192786
d_304,22378,29707.542752179234
d_305,21584,29714.63926016568
d_306,21089,29721.735768152128
d_307,26268,29728.83227613857
d_308,29727,29735.92878412502
d_309,38129,29743.025292111466
d_310,35078,29750.121800097913
d_311,29220,29757.21830808436
d_312,27267,29764.314816070808
d_313,25453,29771.41132405725
d_314,26347,29778.5078320437
d_315,29438,29785.604340030146
d_316,34786,29792.700848016593
d_317,35743,29799.797356003037
d_318,29151,29806.893863989484
d_319,26913,29813.99037197593
d_320,26794,29821.08687996238
d_321,29644,29828.183387948826
d_322,28885,29835.279895935273
d_323,34159,29842.376403921717
d_324,32087,29849.472911908164
d_325,27068,29856.56941989461
d_326,26262,29863.66592788106
d_327,26662,29870.762435867502
d_328,28182,29877.85894385395
d_329,34646,29884.955451840397
d_330,29958,29892.051959826844
d_331,13,29899.14846781329
d_332,28032,29906.24497579974
d_333,24651,29913.341483786182
d_334,24791,29920.43799177263
d_335,24541,29927.534499759076
d_336,33652,29934.631007745524
d_337,33751,29941.727515731967
d_338,21807,29948.824023718415
d_339,33053,29955.92053170486
d_340,28751,29963.01703969131
d_341,25821,29970.113547677756
d_342,28499,29977.2100556642
d_343,30405,29984.306563650647
d_344,37143,29991.403071637094
d_345,36722,29998.49957962354
d_346,28206,30005.59608760999
d_347,26640,30012.692595596433
d_348,29044,30019.78910358288
d_349,24715,30026.885611569327
d_350,29463,30033.982119555774
d_351,36815,30041.07862754222
d_352,36459,30048.175135528665
d_353,30548,30055.271643515112
d_354,22187,30062.36815150156
d_355,25348,30069.464659488007
d_356,24034,30076.56116747445
d_357,27204,30083.657675460898
d_358,38578,30090.754183447345
d_359,32587,30097.850691433792
d_360,24702,30104.94719942024
d_361,23549,30112.043707406687
d_362,22408,30119.14021539313
d_363,23237,30126.236723379578
d_364,27199,30133.333231366025
d_365,34362,30140.429739352472
d_366,33577,30147.526247338916
d_367,25188,30154.622755325363
d_368,25124,30161.71926331181
d_369,29851,30168.815771298257
d_370,28615,30175.912279284705
d_371,35104,30183.008787271152
d_372,43029,30190.105295257596
d_373,40075,30197.201803244043
d_374,30681,30204.29831123049
d_375,28108,30211.394819216937
d_376,28579,30218.49132720338
d_377,29927,30225.58783518983
d_378,29863,30232.684343176275
d_379,41757,30239.780851162723
d_380,41904,30246.87735914917
d_381,31675,30253.973867135617
d_382,25100,30261.07037512206
d_383,26878,30268.166883108508
d_384,25195,30275.263391094955
d_385,27604,30282.359899081403
d_386,36622,30289.456407067846
d_387,36338,30296.552915054293
d_388,30218,30303.64942304074
d_389,25190,30310.745931027188
d_390,24115,30317.842439013635
d_391,25211,30324.93894700008
d_392,27870,30332.035454986526
d_393,35769,30339.131962972973
d_394,36281,30346.22847095942
d_395,27270,30353.324978945868
d_396,24359,30360.42148693231
d_397,24802,30367.51799491876
d_398,30232,30374.614502905206
d_399,32543,30381.711010891653
d_400,41319,30388.8075188781
d_401,40325,30395.904026864544
d_402,32703,30403.00053485099
d_403,31532,30410.09704283744
d_404,28608,30417.193550823886
d_405,29759,30424.29005881033
d_406,32322,30431.386566796777
d_407,39559,30438.483074783224
d_408,40612,30445.57958276967
d_409,32501,30452.67609075612
d_410,29100,30459.772598742566
d_411,27841,30466.86910672901
d_412,30752,30473.965614715456
d_413,30951,30481.062122701904
d_414,37904,30488.15863068835
d_415,37694,30495.255138674795
d_416,29187,30502.351646661242
d_417,25533,30509.44815464769
d_418,26227,30516.544662634136
d_419,26015,30523.641170620584
d_420,29055,30530.73767860703
d_421,37089,30537.834186593474
d_422,37843,30544.93069457992
d_423,27182,30552.02720256637
d_424,24649,30559.123710552816
d_425,24783,30566.22021853926
d_426,23879,30573.316726525707
d_427,30732,30580.413234512154
d_428,38463,30587.5097424986
d_429,39783,30594.60625048505
d_430,31359,30601.702758471496
d_431,33033,30608.79926645794
d_432,28318,30615.895774444387
d_433,31368,30622.992282430834
d_434,37545,30630.08879041728
d_435,45638,30637.185298403725
d_436,36210,30644.281806390172
d_437,31993,30651.37831437662
d_438,28800,30658.474822363067
d_439,29575,30665.571330349514
d_440,28568,30672.667838335958
d_441,31938,30679.764346322405
d_442,38546,30686.860854308852
d_443,38707,30693.9573622953
d_444,27672,30701.053870281747
d_445,26067,30708.15037826819
d_446,24699,30715.246886254638
d_447,24824,30722.343394241085
d_448,28143,30729.439902227532
d_449,36708,30736.53641021398
d_450,36764,30743.632918200423
d_451,26670,30750.72942618687
d_452,24848,30757.825934173317
d_453,24448,30764.922442159765
d_454,24530,30772.01895014621
d_455,28977,30779.115458132655
d_456,35647,30786.211966119103
d_457,36124,30793.30847410555
d_458,27356,30800.404982091997
d_459,30290,30807.501490078444
d_460,29239,30814.597998064888
d_461,32959,30821.694506051335
d_462,32932,30828.791014037783
d_463,39201,30835.88752202423
d_464,41529,30842.984030010673
d_465,33477,30850.08053799712
d_466,30433,30857.177045983568
d_467,30204,30864.273553970015
d_468,28164,30871.370061956462
d_469,32814,30878.46656994291
d_470,40872,30885.563077929353
d_471,33769,30892.6595859158
d_472,31583,30899.756093902248
d_473,31758,30906.852601888695
d_474,28677,30913.94910987514
d_475,27323,30921.045617861586
d_476,32311,30928.142125848033
d_477,37929,30935.23863383448
d_478,39514,30942.335141820928
d_479,28805,30949.431649807375
d_480,27502,30956.52815779382
d_481,26623,30963.624665780266
d_482,27963,30970.721173766713
d_483,32797,30977.81768175316
d_484,37239,30984.914189739604
d_485,33853,30992.01069772605
d_486,33407,30999.1072057125
d_487,28620,31006.203713698946
d_488,27150,31013.300221685393
d_489,28809,31020.396729671837
d_490,39529,31027.493237658284
d_491,44943,31034.58974564473
d_492,43910,31041.68625363118
d_493,33294,31048.782761617626
d_494,34006,31055.87926960407
d_495,33587,31062.975777590516
d_496,32535,31070.072285576964
d_497,36901,31077.16879356341
d_498,43309,31084.265301549858
d_499,44944,31091.3618095363
d_500,39636,31098.45831752275
d_501,35074,31105.554825509196
d_502,32930,31112.651333495643
d_503,33782,31119.747841482087
d_504,41798,31126.844349468534
d_505,44438,31133.94085745498
d_506,39039,31141.03736544143
d_507,34100,31148.133873427876
d_508,31967,31155.230381414323
d_509,31468,31162.326889400767
d_510,30764,31169.423397387214
d_511,36477,31176.51990537366
d_512,40010,31183.61641336011
d_513,40509,31190.712921346552
d_514,31847,31197.809429333
d_515,29371,31204.905937319447
d_516,28885,31212.002445305894
d_517,29585,31219.09895329234
d_518,36377,31226.19546127879
d_519,40594,31233.291969265232
d_520,40699,31240.38847725168
d_521,35863,31247.484985238127
d_522,39542,31254.581493224574
d_523,32656,31261.678001211018
d_524,34408,31268.774509197465
d_525,39991,31275.871017183912
d_526,41431,31282.96752517036
d_527,42672,31290.064033156807
d_528,35770,31297.160541143254
d_529,32587,31304.257049129697
d_530,33072,31311.353557116145
d_531,33077,31318.450065102592
d_532,36582,31325.54657308904
d_533,42348,31332.643081075483
d_534,43689,31339.73958906193
d_535,33020,31346.836097048377
d_536,30418,31353.932605034825
d_537,28916,31361.02911302127
d_538,30864,31368.125621007715
d_539,35402,31375.222128994163
d_540,39544,31382.31863698061
d_541,39952,31389.415144967057
d_542,30864,31396.511652953504
d_543,29479,31403.608160939948
d_544,28354,31410.704668926395
d_545,28538,31417.801176912842
d_546,31840,31424.89768489929
d_547,34588,31431.994192885737
d_548,36147,31439.09070087218
d_549,28933,31446.187208858628
d_550,29531,31453.283716845075
d_551,33970,31460.380224831522
d_552,35260,31467.476732817966
d_553,39511,31474.573240804413
d_554,41276,31481.66974879086
d_555,43009,31488.766256777308
d_556,37024,31495.862764763755
d_557,32394,31502.959272750202
d_558,32301,31510.055780736646
d_559,35008,31517.152288723093
d_560,36465,31524.24879670954
d_561,44081,31531.345304695988
d_562,45798,31538.44181268243
d_563,36030,31545.53832066888
d_564,34312,31552.634828655326
d_565,35497,31559.731336641773
d_566,34405,31566.82784462822
d_567,35457,31573.924352614667
d_568,41521,31581.02086060111
d_569,43364,31588.11736858756
d_570,32410,31595.213876574006
d_571,30206,31602.310384560453
d_572,28922,31609.406892546896
d_573,28552,31616.503400533344
d_574,33044,31623.59990851979
d_575,39964,31630.696416506238
d_576,41021,31637.792924492685
d_577,31010,31644.889432479133
d_578,28472,31651.985940465576
d_579,27101,31659.082448452024
d_580,28303,31666.17895643847
d_581,37092,31673.275464424914
d_582,44630,31680.37197241136
d_583,42819,31687.46848039781
d_584,44525,31694.564988384256
d_585,31879,31701.661496370703
d_586,31854,31708.75800435715
d_587,32575,31715.854512343598
d_588,34775,31722.95102033004
d_589,43218,31730.04752831649
d_590,46649,31737.144036302936
d_591,32972,31744.24054428938
d_592,32370,31751.337052275827
d_593,31018,31758.433560262274
d_594,30142,31765.53006824872
d_595,36359,31772.62657623517
d_596,45959,31779.723084221616
d_597,44286,31786.81959220806
d_598,31860,31793.916100194507
d_599,29276,31801.012608180954
d_600,27065,31808.1091161674
d_601,28557,31815.205624153845
d_602,33634,31822.302132140292
d_603,41889,31829.39864012674
d_604,41362,31836.495148113187
d_605,29176,31843.591656099634
d_606,27979,31850.68816408608
d_607,26932,31857.784672072525
d_608,27231,31864.881180058972
d_609,32656,31871.97768804542
d_610,40981,31879.074196031866
d_611,39736,31886.17070401831
d_612,34841,31893.267212004757
d_613,33830,31900.363719991205
d_614,34220,31907.46022797765
d_615,30075,31914.5567359641
d_616,34588,31921.653243950546
d_617,44040,31928.74975193699
d_618,41872,31935.846259923437
d_619,33790,31942.942767909884
d_620,32295,31950.03927589633
d_621,29969,31957.135783882775
d_622,29998,31964.232291869223
d_623,35052,31971.32879985567
d_624,42226,31978.425307842117
d_625,42237,31985.521815828564
d_626,33684,31992.61832381501
d_627,27869,31999.714831801455
d_628,27103,32006.811339787902
d_629,26169,32013.90784777435
d_630,29711,32021.004355760793
d_631,36689,32028.10086374724
d_632,36987,32035.197371733688
d_633,26712,32042.293879720135
d_634,25419,32049.390387706582
d_635,24390,32056.48689569303
d_636,24312,32063.583403679477
d_637,31863,32070.67991166592
d_638,38547,32077.776419652368
d_639,37184,32084.872927638815
d_640,27581,32091.96943562526
d_641,28080,32099.065943611706
d_642,24975,32106.162451598153
d_643,31051,32113.2589595846
d_644,35514,32120.355467571047
d_645,45079,32127.451975557495
d_646,42545,32134.54848354394
d_647,33057,32141.644991530386
d_648,30514,32148.741499516833
d_649,29683,32155.83800750328
d_650,30757,32162.934515489724
d_651,35722,32170.03102347617
d_652,42884,32177.12753146262
d_653,43517,32184.224039449065
d_654,33213,32191.320547435513
d_655,28308,32198.41705542196
d_656,27835,32205.513563408404
d_657,29713,32212.61007139485
d_658,31616,32219.706579381298
d_659,40441,32226.803087367745
d_660,37576,32233.89959535419
d_661,29330,32240.996103340636
d_662,30274,32248.092611327083
d_663,35208,32255.18911931353
d_664,21909,32262.285627299978
d_665,23423,32269.382135286425
d_666,30016,32276.47864327287
d_667,32732,32283.575151259316
d_668,26476,32290.671659245763
d_669,24489,32297.76816723221
d_670,23545,32304.864675218654
d_671,23868,32311.9611832051
d_672,30389,32319.05769119155
d_673,42496,32326.154199177996
d_674,40940,32333.250707164443
d_675,35337,32340.34721515089
d_676,28819,32347.443723137334
d_677,31184,32354.54023112378
d_678,31124,32361.63673911023
d_679,33594,32368.733247096672
d_680,41573,32375.82975508312
d_681,42526,32382.926263069567
d_682,31089,32390.022771056014
d_683,30298,32397.11927904246
d_684,30016,32404.21578702891
d_685,28671,32411.312295015356
d_686,32902,32418.4088030018
d_687,42390,32425.505310988246
d_688,40053,32432.601818974694
d_689,31025,32439.698326961137
d_690,30254,32446.794834947585
d_691,31782,32453.891342934032
d_692,30872,32460.98785092048
d_693,32848,32468.084358906926
d_694,40015,32475.180866893374
d_695,38987,32482.277374879817
d_696,32623,32489.373882866264
d_697,11,32496.47039085271
d_698,29701,32503.56689883916
d_699,29086,32510.663406825603
d_700,32347,32517.75991481205
d_701,37154,32524.856422798497
d_702,35699,32531.952930784944
d_703,35036,32539.04943877139
d_704,24087,32546.14594675784
d_705,32184,32553.242454744282
d_706,36241,32560.33896273073
d_707,33742,32567.435470717177
d_708,43287,32574.531978703624
d_709,43994,32581.628486690068
d_710,33517,32588.724994676515
d_711,31220,32595.821502662962
d_712,29532,32602.91801064941
d_713,29793,32610.014518635857
d_714,34476,32617.111026622304
d_715,45878,32624.207534608748
d_716,40207,32631.304042595195
d_717,30614,32638.400550581642
d_718,30901,32645.49705856809
d_719,28802,32652.593566554533
d_720,28370,32659.69007454098
d_721,32812,32666.786582527428
d_722,42267,32673.883090513875
d_723,37041,32680.979598500322
d_724,30887,32688.07610648677
d_725,25556,32695.172614473213
d_726,25594,32702.26912245966
d_727,24967,32709.365630446107
d_728,29852,32716.46213843255
d_729,40693,32723.558646419
d_730,38427,32730.655154405446
d_731,27796,32737.751662391893
d_732,25549,32744.84817037834
d_733,23523,32751.944678364787
d_734,26751,32759.041186351235
d_735,39076,32766.137694337678
d_736,51032,32773.23420232412
d_737,41558,32780.33071031057
d_738,28992,32787.427218297016
d_739,31633,32794.52372628346
d_740,31937,32801.62023426991
d_741,29699,32808.71674225636
d_742,35546,32815.813250242805
d_743,45852,32822.90975822925
d_744,43910,32830.0062662157
d_745,36617,32837.10277420215
d_746,36141,32844.199282188594
d_747,38551,32851.295790175034
d_748,30209,32858.39229816148
d_749,38260,32865.48880614793
d_750,45157,32872.585314134376
d_751,44653,32879.68182212082
d_752,34638,32886.77833010727
d_753,28248,32893.87483809372
d_754,30201,32900.971346080165
d_755,31408,32908.06785406661
d_756,32563,32915.16436205305
d_757,43031,32922.2608700395
d_758,44142,32929.35737802595
d_759,32020,32936.453886012394
d_760,27328,32943.55039399884
d_761,27884,32950.64690198529
d_762,30374,32957.743409971736
d_763,39451,32964.83991795818
d_764,49772,32971.93642594463
d_765,48247,32979.03293393107
d_766,35817,32986.12944191752
d_767,31236,32993.225949903965
d_768,32028,33000.32245789041
d_769,29770,33007.41896587686
d_770,34292,33014.51547386331
d_771,44889,33021.611981849754
d_772,44108,33028.7084898362
d_773,36438,33035.80499782265
d_774,33792,33042.901505809095
d_775,31808,33049.99801379554
d_776,33167,33057.09452178198
d_777,37501,33064.19102976843
d_778,43652,33071.28753775488
d_779,42570,33078.384045741324
d_780,31365,33085.48055372777
d_781,29012,33092.57706171422
d_782,29456,33099.673569700666
d_783,29642,33106.77007768711
d_784,33168,33113.86658567356
d_785,40620,33120.96309366
d_786,40633,33128.05960164645
d_787,29667,33135.156109632895
d_788,28632,33142.25261761934
d_789,28258,33149.34912560579
d_790,29654,33156.44563359224
d_791,38067,33163.542141578684
d_792,46410,33170.63864956513
d_793,34448,33177.73515755158
d_794,34522,33184.831665538026
d_795,34642,33191.92817352447
d_796,35594,33199.02468151091
d_797,32174,33206.12118949736
d_798,38056,33213.21769748381
d_799,46821,33220.314205470255
d_800,46444,33227.4107134567
d_801,35017,33234.50722144315
d_802,33750,33241.6037294296
d_803,31441,33248.700237416044
d_804,32692,33255.79674540249
d_805,36082,33262.89325338893
d_806,43645,33269.98976137538
d_807,43990,33277.086269361826
d_808,34102,33284.18277734827
d_809,31039,33291.27928533472
d_810,28815,33298.37579332117
d_811,28474,33305.472301307615
d_812,32829,33312.56880929406
d_813,40857,33319.66531728051
d_814,39931,33326.76182526695
d_815,29951,33333.858333253396
d_816,27059,33340.95484123984
d_817,27607,33348.05134922629
d_818,27476,33355.14785721274
d_819,31206,33362.244365199185
d_820,35329,33369.34087318563
d_821,38902,33376.43738117208
d_822,27445,33383.53388915853
d_823,28144,33390.630397144974
d_824,31358,33397.72690513142
d_825,31741,33404.82341311786
d_826,36950,33411.91992110431
d_827,40812,33419.016429090756
d_828,43203,33426.1129370772
d_829,35368,33433.20944506365
d_830,31673,33440.3059530501
d_831,31346,33447.402461036545
d_832,32938,33454.49896902299
d_833,33497,33461.59547700944
d_834,45385,33468.69198499588
d_835,37390,33475.78849298233
d_836,34609,33482.885000968774
d_837,32885,33489.98150895522
d_838,34611,33497.07801694167
d_839,31937,33504.174524928116
d_840,34682,33511.27103291456
d_841,40830,33518.36754090101
d_842,42673,33525.46404888746
d_843,33646,33532.560556873905
d_844,30286,33539.65706486035
d_845,28935,33546.75357284679
d_846,30902,33553.85008083324
d_847,35081,33560.94658881969
d_848,39143,33568.043096806134
d_849,36049,33575.13960479258
d_850,36277,33582.23611277903
d_851,29298,33589.332620765475
d_852,26967,33596.42912875192
d_853,28125,33603.52563673837
d_854,36086,33610.62214472481
d_855,44808,33617.71865271126
d_856,47502,33624.815160697704
d_857,39245,33631.91166868415
d_858,33809,33639.0081766706
d_859,35911,33646.104684657046
d_860,34166,33653.20119264349
d_861,37602,33660.29770062994
d_862,44647,33667.39420861639
d_863,48164,33674.49071660283
d_864,36769,33681.587224589275
d_865,34625,33688.68373257572
d_866,33942,33695.78024056217
d_867,34188,33702.87674854862
d_868,39767,33709.973256535064
d_869,46309,33717.06976452151
d_870,39690,33724.16627250796
d_871,34118,33731.262780494406
d_872,31177,33738.35928848085
d_873,31070,33745.4557964673
d_874,31771,33752.55230445374
d_875,36703,33759.64881244019
d_876,42276,33766.745320426635
d_877,43275,33773.84182841308
d_878,34118,33780.93833639953
d_879,31603,33788.03484438598
d_880,30356,33795.131352372424
d_881,31457,33802.22786035887
d_882,36753,33809.32436834532
d_883,44949,33816.42087633176
d_884,44823,33823.517384318206
d_885,38716,33830.61389230465
d_886,37242,33837.7104002911
d_887,43999,33844.80690827755
d_888,36783,33851.903416263995
d_889,40807,33858.99992425044
d_890,41832,33866.09643223689
d_891,44624,33873.192940223336
d_892,37460,33880.28944820978
d_893,37253,33887.38595619623
d_894,34579,33894.48246418267
d_895,36361,33901.57897216912
d_896,41279,33908.675480155565
d_897,45185,33915.77198814201
d_898,46672,33922.86849612846
d_899,37624,33929.96500411491
d_900,33937,33937.061512101354
d_901,32467,33944.1580200878
d_902,33921,33951.25452807425
d_903,36194,33958.35103606069
d_904,41527,33965.447544047136
d_905,42039,33972.54405203358
d_906,32203,33979.64056002003
d_907,31304,33986.73706800648
d_908,31468,33993.833575992925
d_909,31816,34000.93008397937
d_910,36843,34008.02659196582
d_911,41672,34015.12309995227
d_912,40480,34022.21960793871
d_913,31763,34029.316115925154
d_914,30162,34036.4126239116
d_915,31255,34043.50913189805
d_916,37309,34050.605639884496
d_917,41663,34057.70214787094
d_918,47105,34064.79865585739
d_919,44439,34071.89516384384
d_920,39149,34078.991671830285
d_921,36694,34086.08817981673
d_922,35079,34093.18468780318
d_923,34886,34100.28119578962
d_924,40699,34107.37770377607
d_925,44912,34114.474211762514
d_926,47520,34121.57071974896
d_927,38753,34128.66722773541
d_928,35144,34135.763735721855
d_929,33732,34142.8602437083
d_930,37643,34149.95675169475
d_931,38025,34157.0532596812
d_932,44431,34164.14976766764
d_933,44894,34171.246275654084
d_934,35237,34178.34278364053
d_935,31625,34185.43929162698
d_936,32633,34192.535799613426
d_937,31793,34199.63230759987
d_938,37113,34206.72881558632
d_939,44836,34213.82532357277
d_940,48577,34220.921831559215
d_941,34200,34228.01833954566
d_942,32963,34235.11484753211
d_943,32456,34242.21135551855
d_944,31710,34249.307863505
d_945,41621,34256.404371491444
d_946,47972,34263.50087947789
d_947,44741,34270.59738746434
d_948,47072,34277.693895450786
d_949,37799,34284.79040343723
d_950,33328,34291.88691142368
d_951,35425,34298.98341941013
d_952,38684,34306.07992739657
d_953,47600,34313.176435383015
d_954,51740,34320.27294336946
d_955,39765,34327.36945135591
d_956,34663,34334.46595934236
d_957,36195,34341.562467328804
d_958,36767,34348.65897531525
d_959,40971,34355.7554833017
d_960,49166,34362.851991288146
d_961,50970,34369.948499274586
d_962,36775,34377.04500726103
d_963,32571,34384.14151524748
d_964,31281,34391.23802323393
d_965,30823,34398.334531220375
d_966,36281,34405.43103920682
d_967,46001,34412.52754719327
d_968,46210,34419.62405517972
d_969,32784,34426.72056316616
d_970,31064,34433.81707115261
d_971,29959,34440.91357913906
d_972,30648,34448.0100871255
d_973,35502,34455.106595111945
d_974,44441,34462.20310309839
d_975,44396,34469.29961108484
d_976,32893,34476.39611907129
d_977,36730,34483.492627057734
d_978,33900,34490.58913504418
d_979,37215,34497.68564303063
d_980,37334,34504.782151017076
d_981,48777,34511.878659003516
d_982,49888,34518.97516698996
d_983,37003,34526.07167497641
d_984,34544,34533.16818296286
d_985,34746,34540.264690949305
d_986,34019,34547.36119893575
d_987,38093,34554.4577069222
d_988,46581,34561.55421490865
d_989,46343,34568.650722895094
d_990,36836,34575.74723088154
d_991,33213,34582.84373886799
d_992,32677,34589.94024685443
d_993,30538,34597.036754840876
d_994,34337,34604.13326282732
d_995,42043,34611.22977081377
d_996,43352,34618.32627880022
d_997,31859,34625.422786786665
d_998,28957,34632.51929477311
d_999,29525,34639.61580275956
d_1000,29260,34646.71231074601
d_1001,33877,34653.80881873245
d_1002,42454,34660.905326718894
d_1003,40665,34668.00183470534
d_1004,32058,34675.09834269179
d_1005,29529,34682.194850678236
d_1006,31136,34689.29135866468
d_1007,27034,34696.38786665113
d_1008,39727,34703.48437463758
d_1009,47093,34710.580882624025
d_1010,48373,34717.677390610464
d_1011,32972,34724.77389859691
d_1012,34087,34731.87040658336
d_1013,33030,34738.966914569806
d_1014,31953,34746.06342255625
d_1015,35460,34753.1599305427
d_1016,45717,34760.25643852915
d_1017,43905,34767.352946515595
d_1018,36396,34774.44945450204
d_1019,32275,34781.54596248849
d_1020,29255,34788.64247047494
d_1021,29468,34795.73897846138
d_1022,35775,34802.835486447824
d_1023,44587,34809.93199443427
d_1024,42589,34817.02850242072
d_1025,32110,34824.125010407166
d_1026,28522,34831.22151839361
d_1027,27915,34838.31802638006
d_1028,28699,34845.41453436651
d_1029,32863,34852.511042352955
d_1030,40047,34859.607550339395
d_1031,38446,34866.70405832584
d_1032,28645,34873.80056631229
d_1033,31293,34880.89707429874
d_1034,36139,34887.993582285184
d_1035,19839,34895.09009027163
d_1036,26073,34902.18659825808
d_1037,31546,34909.283106244526
d_1038,38187,34916.37961423097
d_1039,37087,34923.47612221742
d_1040,38024,34930.57263020387
d_1041,31519,34937.66913819031
d_1042,35151,34944.765646176755
d_1043,36899,34951.8621541632
d_1044,44450,34958.95866214965
d_1045,40424,34966.0551701361
d_1046,33653,34973.151678122544
d_1047,31422,34980.24818610899
d_1048,30911,34987.34469409544
d_1049,31669,34994.441202081885
d_1050,36163,35001.537710068325
d_1051,41528,35008.63421805477
d_1052,43097,35015.73072604122
d_1053,32474,35022.82723402767
d_1054,30338,35029.923742014114
d_1055,31692,35037.02025000056
d_1056,32411,35044.11675798701
d_1057,32123,35051.213265973456
d_1058,40474,35058.3097739599
d_1059,34915,35065.40628194634
d_1060,35289,35072.50278993279
d_1061,31077,35079.59929791924
d_1062,20,35086.695805905685
d_1063,32727,35093.79231389213
d_1064,33095,35100.88882187858
d_1065,36490,35107.98532986503
d_1066,34121,35115.081837851474
d_1067,32293,35122.17834583792
d_1068,34811,35129.27485382437
d_1069,23845,35136.371361810816
d_1070,32653,35143.467869797256
d_1071,38870,35150.5643777837
d_1072,44616,35157.66088577015
d_1073,45302,35164.7573937566
d_1074,32412,35171.853901743045
d_1075,30952,35178.95040972949
d_1076,32973,35186.04691771594
d_1077,33197,35193.14342570239
d_1078,32766,35200.239933688834
d_1079,47798,35207.336441675274
d_1080,46858,35214.43294966172
d_1081,33714,35221.52945764817
d_1082,30223,35228.625965634616
d_1083,31579,35235.72247362106
d_1084,31190,35242.81898160751
d_1085,35240,35249.91548959396
d_1086,43233,35257.011997580405
d_1087,40427,35264.10850556685
d_1088,32706,35271.2050135533
d_1089,27854,35278.301521539746
d_1090,28197,35285.398029526186
d_1091,26244,35292.49453751263
d_1092,30888,35299.59104549908
d_1093,40529,35306.68755348553
d_1094,40197,35313.784061471975
d_1095,30060,35320.88056945842
d_1096,24000,35327.97707744487
d_1097,24983,35335.07358543132
d_1098,27017,35342.170093417764
d_1099,36489,35349.266601404204
d_1100,45333,35356.36310939065
d_1101,43897,35363.4596173771
d_1102,37294,35370.556125363546
d_1103,30577,35377.65263334999
d_1104,31676,35384.74914133644
d_1105,32389,35391.84564932289
d_1106,34255,35398.942157309335
d_1107,47108,35406.03866529578
d_1108,48040,35413.13517328222
d_1109,33147,35420.23168126867
d_1110,33533,35427.32818925512
d_1111,36738,35434.424697241564
d_1112,37483,35441.52120522801
d_1113,33910,35448.61771321446
d_1114,44965,35455.714221200906
d_1115,43832,35462.81072918735
d_1116,34557,35469.9072371738
d_1117,30710,35477.00374516025
d_1118,30411,35484.100253146695
d_1119,29703,35491.196761133135
d_1120,33326,35498.29326911958
d_1121,41488,35505.38977710603
d_1122,44427,35512.48628509248
d_1123,31797,35519.582793078924
d_1124,29725,35526.67930106537
d_1125,26351,35533.77580905182
d_1126,28890,35540.872317038265
d_1127,34198,35547.96882502471
d_1128,45496,35555.06533301115
d_1129,46777,35562.1618409976
d_1130,37201,35569.25834898405
d_1131,30066,35576.354856970494
d_1132,31278,35583.45136495694
d_1133,32662,35590.54787294339
d_1134,34864,35597.644380929836
d_1135,43485,35604.74088891628
d_1136,50090,35611.83739690273
d_1137,37506,35618.93390488918
d_1138,34567,35626.030412875625
d_1139,34942,35633.126920862065
d_1140,33084,35640.22342884851
d_1141,36946,35647.31993683496
d_1142,44708,35654.41644482141
d_1143,45376,35661.512952807854
d_1144,32084,35668.6094607943
d_1145,30095,35675.70596878075
d_1146,29384,35682.802476767196
d_1147,28809,35689.89898475364
d_1148,33202,35696.99549274008
d_1149,41441,35704.09200072653
d_1150,44171,35711.18850871298
d_1151,31843,35718.285016699425
d_1152,28466,35725.38152468587
d_1153,27014,35732.47803267232
d_1154,30210,35739.57454065877
d_1155,32918,35746.671048645214
d_1156,41193,35753.76755663166
d_1157,43156,35760.8640646181
d_1158,30672,35767.960572604556
d_1159,33708,35775.057080590996
d_1160,33699,35782.15358857744
d_1161,36604,35789.25009656389
d_1162,35685,35796.34660455034
d_1163,46776,35803.443112536785
d_1164,48790,35810.53962052323
d_1165,36594,35817.63612850968
d_1166,35248,35824.73263649612
d_1167,35209,35831.82914448257
d_1168,33038,35838.92565246901
d_1169,38439,35846.02216045546
d_1170,46155,35853.11866844191
d_1171,46083,35860.215176428355
d_1172,35751,35867.3116844148
d_1173,36396,35874.40819240125
d_1174,34228,35881.5047003877
d_1175,33193,35888.601208374144
d_1176,38905,35895.69771636059
d_1177,47819,35902.79422434703
d_1178,38934,35909.890732333486
d_1179,31626,35916.987240319926
d_1180,30678,35924.08374830637
d_1181,30437,35931.18025629282
d_1182,30792,35938.27676427927
d_1183,33427,35945.373272265715
d_1184,42377,35952.46978025216
d_1185,43440,35959.56628823861
d_1186,31508,35966.66279622505
d_1187,29865,35973.759304211504
d_1188,28883,35980.855812197944
d_1189,33859,35987.95232018439
d_1190,38951,35995.04882817084
d_1191,46542,36002.145336157286
d_1192,45139,36009.24184414373
d_1193,35820,36016.33835213018
d_1194,33611,36023.43486011663
d_1195,32146,36030.531368103075
d_1196,31819,36037.62787608952
d_1197,36363,36044.72438407596
d_1198,42843,36051.82089206241
d_1199,38180,36058.91740004886
d_1200,37922,36066.013908035304
d_1201,33844,36073.11041602175
d_1202,32817,36080.2069240082
d_1203,33522,36087.303431994646
d_1204,34589,36094.39993998109
d_1205,40019,36101.49644796754
d_1206,43020,36108.59295595398
d_1207,32314,36115.689463940435
d_1208,29926,36122.785971926874
d_1209,29083,36129.88247991332
d_1210,30386,36136.97898789977
d_1211,33425,36144.075495886216
d_1212,38386,36151.17200387266
d_1213,35965,36158.26851185911
d_1214,33459,36165.36501984556
d_1215,28912,36172.461527832
d_1216,28109,36179.55803581845
d_1217,27689,36186.65454380489
d_1218,33740,36193.75105179134
d_1219,40692,36200.84755977779
d_1220,44602,36207.944067764234
d_1221,37312,36215.04057575068
d_1222,38357,36222.13708373713
d_1223,32899,36229.233591723576
d_1224,35655,36236.33009971002
d_1225,37457,36243.42660769647
d_1226,44347,36250.52311568291
d_1227,45279,36257.619623669365
d_1228,38256,36264.716131655805
d_1229,33658,36271.81263964225
d_1230,34644,36278.9091476287
d_1231,35077,36286.00565561515
d_1232,38356,36293.102163601594
d_1233,44984,36300.19867158804
d_1234,42494,36307.29517957449
d_1235,35203,36314.39168756093
d_1236,33542,36321.48819554738
d_1237,32269,36328.58470353382
d_1238,33120,36335.68121152027
d_1239,37996,36342.77771950672
d_1240,42420,36349.874227493165
d_1241,42460,36356.97073547961
d_1242,33158,36364.06724346606
d_1243,30641,36371.16375145251
d_1244,28821,36378.260259438954
d_1245,29356,36385.3567674254
d_1246,34078,36392.45327541184
d_1247,39930,36399.54978339829
d_1248,40211,36406.646291384735
d_1249,33449,36413.74279937118
d_1250,37739,36420.83930735763
d_1251,37869,36427.93581534408
d_1252,47028,36435.032323330524
d_1253,38593,36442.12883131697
d_1254,40782,36449.22533930342
d_1255,45490,36456.32184728986
d_1256,37635,36463.41835527631
d_1257,36448,36470.51486326275
d_1258,37214,36477.6113712492
d_1259,35179,36484.70787923565
d_1260,40253,36491.804387222095
d_1261,47696,36498.90089520854
d_1262,43675,36505.99740319499
d_1263,36281,36513.09391118144
d_1264,35815,36520.19041916788
d_1265,33011,36527.28692715433
d_1266,32430,36534.38343514077
d_1267,36449,36541.47994312722
d_1268,42480,36548.576451113666
d_1269,42689,36555.67295910011
d_1270,33451,36562.76946708656
d_1271,31512,36569.86597507301
d_1272,30939,36576.962483059455
d_1273,30525,36584.0589910459
d_1274,33848,36591.15549903235
d_1275,39008,36598.25200701879
d_1276,42214,36605.348515005244
d_1277,32632,36612.445022991684
d_1278,30705,36619.54153097813
d_1279,30334,36626.63803896458
d_1280,31840,36633.734546951026
d_1281,43129,36640.83105493747
d_1282,47011,36647.92756292392
d_1283,47572,36655.02407091037
d_1284,35799,36662.12057889681
d_1285,36238,36669.21708688326
d_1286,34547,36676.3135948697
d_1287,34577,36683.41010285615
d_1288,38980,36690.506610842596
d_1289,45258,36697.60311882904
d_1290,43249,36704.69962681549
d_1291,36122,36711.79613480194
d_1292,36672,36718.892642788385
d_1293,34419,36725.98915077483
d_1294,34536,36733.08565876128
d_1295,38258,36740.18216674772
d_1296,44555,36747.27867473417
d_1297,46673,36754.375182720614
d_1298,35379,36761.47169070706
d_1299,31959,36768.56819869351
d_1300,31847,36775.664706679956
d_1301,32399,36782.7612146664
d_1302,37116,36789.85772265285
d_1303,44673,36796.9542306393
d_1304,47443,36804.05073862574
d_1305,34667,36811.14724661219
d_1306,31402,36818.24375459863
d_1307,29506,36825.34026258508
d_1308,29976,36832.43677057153
d_1309,37693,36839.533278557974
d_1310,43237,36846.62978654442
d_1311,39210,36853.72629453087
d_1312,43256,36860.822802517316
d_1313,34299,36867.919310503756
d_1314,37397,36875.01581849021
d_1315,31483,36882.11232647665
d_1316,35966,36889.2088344631
d_1317,46017,36896.305342449545
d_1318,45953,36903.40185043599
d_1319,35580,36910.49835842244
d_1320,34167,36917.59486640889
d_1321,31792,36924.691374395334
d_1322,34480,36931.78788238178
d_1323,38359,36938.88439036823
d_1324,47579,36945.98089835467
d_1325,45747,36953.07740634112
d_1326,36559,36960.17391432756
d_1327,31037,36967.27042231401
d_1328,29831,36974.36693030046
d_1329,28861,36981.463438286904
d_1330,34832,36988.55994627335
d_1331,43032,36995.6564542598
d_1332,44402,37002.752962246246
d_1333,31510,37009.849470232686
d_1334,29410,37016.94597821914
d_1335,29001,37024.04248620558
d_1336,29511,37031.13899419203
d_1337,33127,37038.235502178475
d_1338,40839,37045.33201016492
d_1339,42924,37052.42851815137
d_1340,31473,37059.52502613782
d_1341,29990,37066.621534124264
d_1342,34602,37073.71804211071
d_1343,34249,37080.81455009716
d_1344,41836,37087.9110580836
d_1345,47199,37095.007566070046
d_1346,48361,37102.10407405649
d_1347,37719,37109.20058204294
d_1348,33151,37116.29709002939
d_1349,33185,37123.393598015835
d_1350,33738,37130.49010600228
d_1351,35001,37137.58661398873
d_1352,44561,37144.68312197518
d_1353,46735,37151.77962996162
d_1354,33557,37158.87613794807
d_1355,32451,37165.97264593451
d_1356,34193,37173.06915392096
d_1357,29936,37180.165661907406
d_1358,33430,37187.26216989385
d_1359,43755,37194.3586778803
d_1360,43456,37201.45518586675
d_1361,32233,37208.551693853195
d_1362,29367,37215.648201839635
d_1363,27926,37222.74470982609
d_1364,28506,37229.84121781253
d_1365,32790,37236.937725798976
d_1366,40753,37244.03423378542
d_1367,40197,37251.13074177187
d_1368,31203,37258.22724975832
d_1369,28340,37265.323757744765
d_1370,27563,37272.42026573121
d_1371,30235,37279.51677371766
d_1372,32850,37286.61328170411
d_1373,44249,37293.70978969055
d_1374,46072,37300.806297677
d_1375,38564,37307.90280566344
d_1376,31952,37314.99931364989
d_1377,30832,37322.095821636336
d_1378,33223,37329.19232962278
d_1379,34763,37336.28883760923
d_1380,44270,37343.38534559568
d_1381,47415,37350.481853582125
d_1382,34449,37357.578361568565
d_1383,32588,37364.67486955502
d_1384,30490,37371.77137754146
d_1385,28711,37378.86788552791
d_1386,34739,37385.964393514354
d_1387,44383,37393.0609015008
d_1388,43516,37400.15740948725
d_1389,31811,37407.253917473696
d_1390,28014,37414.35042546014
d_1391,28047,37421.44693344659
d_1392,28247,37428.54344143304
d_1393,32863,37435.63994941948
d_1394,42402,37442.736457405925
d_1395,40630,37449.83296539237
d_1396,31598,37456.92947337882
d_1397,31888,37464.02598136527
d_1398,36903,37471.122489351714
d_1399,21844,37478.21899733816
d_1400,26354,37485.31550532461
d_1401,34456,37492.412013311055
d_1402,35805,37499.508521297495
d_1403,34305,37506.60502928395
d_1404,30569,37513.70153727039
d_1405,32605,37520.79804525684
d_1406,31516,37527.894553243284
d_1407,36963,37534.99106122973
d_1408,43815,37542.08756921618
d_1409,42527,37549.184077202626
d_1410,33114,37556.28058518907
d_1411,32667,37563.37709317551
d_1412,31898,37570.47360116197
d_1413,26115,37577.57010914841
d_1414,33502,37584.666617134855
d_1415,40036,37591.7631251213
d_1416,42006,37598.85963310775
d_1417,34127,37605.9561410942
d_1418,29936,37613.052649080644
d_1419,30152,37620.14915706709
d_1420,32367,37627.24566505354
d_1421,29834,37634.342173039986
d_1422,38421,37641.438681026426
d_1423,38488,37648.53518901288
d_1424,33736,37655.63169699932
d_1425,34862,37662.72820498577
d_1426,29617,37669.824712972215
d_1427,20,37676.92122095866
d_1428,32909,37684.01772894511
d_1429,32594,37691.11423693156
d_1430,31894,37698.210744918004
d_1431,29990,37705.307252904444
d_1432,29417,37712.4037608909
d_1433,33450,37719.50026887734
d_1434,26452,37726.596776863786
d_1435,39633,37733.69328485023
d_1436,41085,37740.78979283668
d_1437,39647,37747.88630082313
d_1438,34691,37754.982808809575
d_1439,32682,37762.07931679602
d_1440,29165,37769.17582478247
d_1441,29029,37776.27233276892
d_1442,34385,37783.368840755356
d_1443,43946,37790.4653487418
d_1444,45066,37797.56185672825
d_1445,35574,37804.6583647147
d_1446,30324,37811.754872701145
d_1447,31059,37818.85138068759
d_1448,33063,37825.94788867404
d_1449,34889,37833.04439666049
d_1450,45169,37840.140904646934
d_1451,40724,37847.237412633374
d_1452,34412,37854.33392061983
d_1453,28363,37861.43042860627
d_1454,28109,37868.526936592716
d_1455,25795,37875.62344457916
d_1456,32221,37882.71995256561
d_1457,42181,37889.81646055206
d_1458,42623,37896.912968538505
d_1459,30358,37904.00947652495
d_1460,27873,37911.10598451139
d_1461,28104,37918.20249249785
d_1462,28225,37925.29900048429
d_1463,37440,37932.395508470734
d_1464,50828,37939.49201645718
d_1465,40385,37946.58852444363
d_1466,35006,37953.685032430076
d_1467,37405,37960.78154041652
d_1468,33992,37967.87804840297
d_1469,34647,37974.97455638942
d_1470,36809,37982.071064375865
d_1471,50836,37989.167572362305
d_1472,49719,37996.26408034876
d_1473,39170,38003.3605883352
d_1474,35464,38010.45709632165
d_1475,35701,38017.553604308094
d_1476,38570,38024.65011229454
d_1477,36936,38031.74662028099
d_1478,41614,38038.843128267436
d_1479,44007,38045.93963625388
d_1480,37147,38053.03614424032
d_1481,30697,38060.13265222678
d_1482,28505,38067.22916021322
d_1483,28808,38074.325668199665
d_1484,33119,38081.42217618611
d_1485,42109,38088.51868417256
d_1486,43759,38095.615192159006
d_1487,31522,38102.71170014545
d_1488,29780,38109.8082081319
d_1489,29227,38116.90471611835
d_1490,29223,38124.001224104795
d_1491,33566,38131.097732091235
d_1492,44154,38138.19424007768
d_1493,45186,38145.29074806413
d_1494,35398,38152.38725605058
d_1495,34387,38159.483764037024
d_1496,31774,38166.58027202347
d_1497,32819,38173.67678000992
d_1498,35937,38180.773287996366
d_1499,44229,38187.86979598281
d_1500,47379,38194.96630396925
d_1501,36020,38202.06281195571
d_1502,33597,38209.15931994215
d_1503,32891,38216.255827928595
d_1504,34391,38223.35233591504
d_1505,36623,38230.44884390149
d_1506,44471,38237.54535188794
d_1507,48827,38244.641859874384
d_1508,35495,38251.73836786083
d_1509,31412,38258.83487584727
d_1510,29947,38265.931383833726
d_1511,29369,38273.027891820166
d_1512,32999,38280.12439980661
d_1513,41982,38287.22090779306
d_1514,44014,38294.31741577951
d_1515,32338,38301.413923765955
d_1516,26841,38308.5104317524
d_1517,31995,38315.60693973885
d_1518,29902,38322.7034477253
d_1519,32535,38329.799955711744
d_1520,41531,38336.896463698184
d_1521,42583,38343.99297168464
d_1522,31899,38351.08947967108
d_1523,30956,38358.185987657525
d_1524,35060,38365.28249564397
d_1525,33817,38372.37900363042
d_1526,44108,38379.47551161687
d_1527,48419,38386.572019603314
d_1528,41636,38393.66852758976
d_1529,36215,38400.7650355762
d_1530,33911,38407.861543562656
d_1531,34149,38414.958051549096
d_1532,34437,38422.05455953554
d_1533,36853,38429.15106752199
d_1534,45272,38436.24757550844
d_1535,47180,38443.344083494885
d_1536,34494,38450.44059148133
d_1537,33597,38457.53709946778
d_1538,34690,38464.63360745423
d_1539,31431,38471.730115440674
d_1540,33059,38478.826623427114
d_1541,42516,38485.92313141356
d_1542,44359,38493.01963940001
d_1543,33118,38500.116147386456
d_1544,30227,38507.2126553729
d_1545,30382,38514.30916335935
d_1546,30658,38521.4056713458
d_1547,34423,38528.502179332245
d_1548,43598,38535.59868731869
d_1549,43406,38542.69519530513
d_1550,33444,38549.79170329159
d_1551,29750,38556.88821127803
d_1552,28667,38563.984719264474
d_1553,30553,38571.08122725092
d_1554,40976,38578.17773523737
d_1555,47052,38585.274243223816
d_1556,49102,38592.37075121026
d_1557,38169,38599.46725919671
d_1558,35089,38606.56376718315
d_1559,35296,38613.660275169605
d_1560,33321,38620.756783156045
d_1561,37424,38627.85329114249
d_1562,47269,38634.94979912894
d_1563,38030,38642.046307115386
d_1564,37192,38649.14281510183
d_1565,35033,38656.23932308828
d_1566,33685,38663.33583107473
d_1567,32054,38670.432339061175
d_1568,37764,38677.52884704762
d_1569,44336,38684.62535503406
d_1570,44493,38691.72186302052
d_1571,34296,38698.81837100696
d_1572,30671,38705.914878993404
d_1573,31158,38713.01138697985
d_1574,30601,38720.1078949663
d_1575,36267,38727.204402952746
d_1576,39975,38734.30091093919
d_1577,37426,38741.39741892564
d_1578,37817,38748.49392691208
d_1579,30879,38755.590434898535
d_1580,30097,38762.686942884975
d_1581,30216,38769.78345087142
d_1582,32925,38776.87995885787
d_1583,40938,38783.97646684432
d_1584,43463,38791.072974830764
d_1585,38654,38798.16948281721
d_1586,37424,38805.26599080366
d_1587,37990,38812.362498790106
d_1588,34922,38819.45900677655
d_1589,39889,38826.55551476299
d_1590,47507,38833.65202274944
d_1591,48426,38840.74853073589
d_1592,39922,38847.845038722335
d_1593,38184,38854.94154670878
d_1594,35176,38862.03805469523
d_1595,35585,38869.13456268168
d_1596,40282,38876.231070668124
d_1597,44853,38883.32757865457
d_1598,48981,38890.42408664101
d_1599,47580,38897.520594627465
d_1600,31698,38904.617102613905
d_1601,31478,38911.71361060035
d_1602,34425,38918.8101185868
d_1603,37829,38925.90662657325
d_1604,44255,38933.003134559694
d_1605,41413,38940.09964254614
d_1606,34846,38947.19615053259
d_1607,33071,38954.29265851903
d_1608,31622,38961.38916650548
d_1609,32376,38968.48567449192
d_1610,35945,38975.58218247837
d_1611,42213,38982.67869046482
d_1612,42946,38989.775198451265
d_1613,33928,38996.87170643771
d_1614,32179,39003.96821442416
d_1615,38077,39011.06472241061
d_1616,41844,39018.161230397054
d_1617,54154,39025.2577383835
d_1618,37489,39032.35424636994
d_1619,43532,39039.450754356396
d_1620,41538,39046.547262342836
d_1621,37355,39053.64377032928
d_1622,36049,39060.74027831573
d_1623,38210,39067.83678630218
d_1624,39895,39074.933294288625
d_1625,47405,39082.02980227507
d_1626,49594,39089.12631026152
d_1627,39058,39096.22281824796
d_1628,36831,39103.319326234414
d_1629,38095,39110.415834220854
d_1630,37478,39117.5123422073
d_1631,41847,39124.60885019375
d_1632,45660,39131.705358180196
d_1633,47784,39138.80186616664
d_1634,37547,39145.89837415309
d_1635,34138,39152.99488213954
d_1636,33376,39160.091390125985
d_1637,34195,39167.18789811243
d_1638,38441,39174.28440609887
d_1639,42624,39181.38091408532
d_1640,44192,39188.477422071766
d_1641,36126,39195.57393005821
d_1642,32955,39202.67043804466
d_1643,31593,39209.76694603111
d_1644,33587,39216.863454017555
d_1645,41478,39223.959962004
d_1646,49150,39231.05646999045
d_1647,51541,39238.15297797689
d_1648,45257,39245.249485963344
d_1649,37658,39252.345993949784
d_1650,38279,39259.44250193623
d_1651,37798,39266.53900992268
d_1652,40137,39273.635517909126
d_1653,48104,39280.73202589557
d_1654,51961,39287.82853388202
d_1655,38324,39294.92504186847
d_1656,36449,39302.02154985491
d_1657,37351,39309.11805784136
d_1658,36055,39316.2145658278
d_1659,40762,39323.31107381425
d_1660,48436,39330.4075818007
d_1661,50540,39337.504089787144
d_1662,39112,39344.60059777359
d_1663,35245,39351.69710576004
d_1664,33707,39358.793613746486
d_1665,32516,39365.89012173293
d_1666,36963,39372.98662971938
d_1667,45080,39380.08313770582
d_1668,47596,39387.179645692275
d_1669,35093,39394.276153678715
d_1670,31295,39401.37266166516
d_1671,31967,39408.46916965161
d_1672,32076,39415.56567763806
d_1673,36251,39422.662185624504
d_1674,45236,39429.75869361095
d_1675,48517,39436.8552015974
d_1676,35885,39443.95170958384
d_1677,37955,39451.04821757029
d_1678,36590,39458.14472555673
d_1679,39619,39465.24123354318
d_1680,39270,39472.33774152963
d_1681,47487,39479.434249516074
d_1682,45248,39486.53075750252
d_1683,45762,39493.62726548897
d_1684,36169,39500.723773475416
d_1685,38102,39507.82028146186
d_1686,35693,39514.91678944831
d_1687,40286,39522.01329743475
d_1688,50103,39529.1098054212
d_1689,51340,39536.206313407645
d_1690,38071,39543.30282139409
d_1691,37425,39550.39932938054
d_1692,33645,39557.49583736699
d_1693,33998,39564.592345353434
d_1694,38689,39571.68885333988
d_1695,48279,39578.78536132633
d_1696,49979,39585.88186931277
d_1697,36145,39592.97837729922
d_1698,33518,39600.07488528566
d_1699,33497,39607.17139327211
d_1700,32967,39614.26790125856
d_1701,38680,39621.364409245005
d_1702,46636,39628.46091723145
d_1703,47613,39635.5574252179
d_1704,34262,39642.65393320435
d_1705,30615,39649.75044119079
d_1706,31270,39656.84694917724
d_1707,37677,39663.94345716368
d_1708,44376,39671.03996515013
d_1709,54687,39678.136473136576
d_1710,52895,39685.23298112302
d_1711,42474,39692.32948910947
d_1712,38855,39699.42599709592
d_1713,35887,39706.522505082365
d_1714,37819,39713.61901306881
d_1715,43595,39720.71552105526
d_1716,48787,39727.8120290417
d_1717,49704,39734.908537028154
d_1718,42240,39742.00504501459
d_1719,35681,39749.10155300104
d_1720,34248,39756.19806098749
d_1721,36353,39763.294568973935
d_1722,38422,39770.39107696038
d_1723,47813,39777.48758494683
d_1724,48964,39784.58409293328
d_1725,35302,39791.68060091972
d_1726,33104,39798.77710890617
d_1727,32411,39805.87361689261
d_1728,32770,39812.97012487906
d_1729,38021,39820.066632865506
d_1730,45006,39827.16314085195
d_1731,46179,39834.2596488384
d_1732,35092,39841.35615682485
d_1733,32319,39848.452664811295
d_1734,31267,39855.54917279774
d_1735,33232,39862.64568078419
d_1736,40514,39869.74218877063
d_1737,42743,39876.83869675708
d_1738,46994,39883.935204743524
d_1739,36457,39891.03171272997
d_1740,37997,39898.12822071642
d_1741,32102,39905.224728702866
d_1742,34675,39912.32123668931
d_1743,39621,39919.41774467576
d_1744,47341,39926.51425266221
d_1745,48411,39933.61076064865
d_1746,36915,39940.7072686351
d_1747,33374,39947.80377662154
d_1748,33338,39954.90028460799
d_1749,33242,39961.99679259444
d_1750,36195,39969.093300580884
d_1751,47342,39976.18980856733
d_1752,49755,39983.28631655378
d_1753,35735,39990.382824540226
d_1754,29174,39997.479332526666
d_1755,32160,40004.57584051312
d_1756,32365,40011.67234849956
d_1757,38357,40018.76885648601
d_1758,42793,40025.865364472455
d_1759,44925,40032.9618724589
d_1760,35140,40040.05838044535
d_1761,34222,40047.154888431796
d_1762,40124,40054.25139641824
d_1763,23631,40061.34790440469
d_1764,27581,40068.44441239114
d_1765,34212,40075.54092037758
d_1766,37782,40082.63742836403
d_1767,32016,40089.73393635047
d_1768,34818,40096.83044433692
d_1769,33732,40103.92695232337
d_1770,38029,40111.023460309814
d_1771,38187,40118.11996829626
d_1772,47025,40125.21647628271
d_1773,48415,40132.312984269156
d_1774,35408,40139.409492255596
d_1775,32913,40146.50600024205
d_1776,33690,40153.60250822849
d_1777,32159,40160.69901621494
d_1778,36343,40167.795524201385
d_1779,45975,40174.89203218783
d_1780,45133,40181.98854017428
d_1781,37522,40189.08504816073
d_1782,36130,40196.181556147174
d_1783,34123,40203.27806413362
d_1784,35454,40210.37457212007
d_1785,34756,40217.47108010651
d_1786,43488,40224.567588092956
d_1787,43011,40231.6640960794
d_1788,35522,40238.76060406585
d_1789,36612,40245.8571120523
d_1790,38752,40252.953620038745
d_1791,36227,40260.05012802519
d_1792,14,40267.14663601164
d_1793,38377,40274.24314399809
d_1794,35378,40281.33965198453
d_1795,29964,40288.43615997098
d_1796,31893,40295.53266795742
d_1797,34127,40302.62917594387
d_1798,43059,40309.725683930315
d_1799,32651,40316.82219191676
d_1800,44737,40323.91869990321
d_1801,44340,40331.01520788966
d_1802,36693,40338.111715876104
d_1803,35306,40345.208223862544
d_1804,32685,40352.304731849
d_1805,35944,40359.40123983544
d_1806,38936,40366.497747821886
d_1807,52880,40373.59425580833
d_1808,47369,40380.69076379478
d_1809,37986,40387.78727178123
d_1810,35122,40394.883779767675
d_1811,32231,40401.98028775412
d_1812,35856,40409.07679574057
d_1813,41790,40416.17330372702
d_1814,51146,40423.26981171346
d_1815,45533,40430.36631969991
d_1816,38340,40437.46282768635
d_1817,31988,40444.5593356728
d_1818,32684,40451.655843659246
d_1819,31779,40458.75235164569
d_1820,36307,40465.84885963214
d_1821,48927,40472.94536761859
d_1822,47832,40480.041875605035
d_1823,34389,40487.138383591475
d_1824,30446,40494.23489157793
d_1825,31349,40501.33139956437
d_1826,32466,40508.42790755082
d_1827,37639,40515.524415537264
d_1828,49104,40522.62092352371
d_1829,50831,40529.71743151016
d_1830,41714,40536.813939496606
d_1831,34928,40543.91044748305
d_1832,39340,40551.0069554695
d_1833,35424,40558.10346345595
d_1834,40193,40565.19997144239
d_1835,55040,40572.296479428835
d_1836,46893,40579.39298741528
d_1837,36804,40586.48949540173
d_1838,38513,40593.586003388176
d_1839,39353,40600.68251137462
d_1840,44584,40607.77901936107
d_1841,44222,40614.87552734752
d_1842,53715,40621.972035333965
d_1843,48337,40629.068543320405
d_1844,46152,40636.16505130686
d_1845,37702,40643.2615592933
d_1846,36545,40650.35806727975
d_1847,36436,40657.454575266194
d_1848,40392,40664.55108325264
d_1849,50857,40671.64759123909
d_1850,52081,40678.744099225536
d_1851,37328,40685.84060721198
d_1852,33981,40692.93711519842
d_1853,34068,40700.03362318488
d_1854,34615,40707.13013117132
d_1855,37649,40714.226639157765
d_1856,47887,40721.32314714421
d_1857,50915,40728.41965513066
d_1858,37259,40735.51616311711
d_1859,36536,40742.612671103554
d_1860,38458,40749.70917909
d_1861,41459,40756.80568707645
d_1862,39325,40763.902195062896
d_1863,52322,40770.998703049336
d_1864,57218,40778.09521103579
d_1865,40562,40785.19171902223
d_1866,37727,40792.28822700868
d_1867,37032,40799.384734995125
d_1868,38267,40806.48124298157
d_1869,40887,40813.57775096802
d_1870,52711,40820.67425895447
d_1871,51421,40827.770766940914
d_1872,42035,40834.867274927354
d_1873,40117,40841.96378291381
d_1874,36606,40849.06029090025
d_1875,35009,40856.156798886695
d_1876,39652,40863.25330687314
d_1877,46181,40870.34981485959
d_1878,47825,40877.44632284604
d_1879,37360,40884.542830832484
d_1880,35475,40891.63933881893
d_1881,34786,40898.73584680538
d_1882,34003,40905.832354791826
d_1883,45611,40912.928862778266
d_1884,53863,40920.02537076471
d_1885,46360,40927.12187875116
d_1886,36041,40934.21838673761
d_1887,33857,40941.314894724055
d_1888,32359,40948.4114027105
d_1889,34681,40955.50791069695
d_1890,45536,40962.6044186834
d_1891,52672,40969.700926669844
d_1892,56425,40976.797434656284
d_1893,40418,40983.89394264274
d_1894,39683,40990.99045062918
d_1895,39134,40998.086958615626
d_1896,38116,41005.18346660207
d_1897,43220,41012.27997458852
d_1898,56340,41019.37648257497
d_1899,53856,41026.472990561415
d_1900,42427,41033.56949854786
d_1901,39069,41040.6660065343
d_1902,35193,41047.76251452076
d_1903,37529,41054.8590225072
d_1904,41789,41061.955530493644
d_1905,48362,41069.05203848009
d_1906,51640,41076.14854646654
d_1907,38059,41083.245054452986
d_1908,37570,41090.34156243943
d_1909,35343,41097.43807042588
d_1910,35033,41104.53457841233
d_1911,40517,41111.631086398775
d_1912,48962,41118.727594385215
d_1913,49795,41125.82410237167
