Day,Sales,Predicted
d_1,32631,27398.95003423591
d_2,31749,27406.323798693757
d_3,23783,27413.697563151603
d_4,25412,27421.07132760945
d_5,19146,27428.445092067297
d_6,29211,27435.81885652514
d_7,28010,27443.192620982987
d_8,37932,27450.566385440834
d_9,32736,27457.94014989868
d_10,25572,27465.313914356528
d_11,23071,27472.687678814375
d_12,23658,27480.06144327222
d_13,23756,27487.43520773007
d_14,26445,27494.808972187915
d_15,34833,27502.18273664576
d_16,36380,27509.556501103605
d_17,21804,27516.930265561452
d_18,24070,27524.3040300193
d_19,21443,27531.677794477146
d_20,20318,27539.051558934992
d_21,23721,27546.42532339284
d_22,31689,27553.799087850686
d_23,29283,27561.172852308533
d_24,23966,27568.546616766376
d_25,20501,27575.920381224223
d_26,20757,27583.29414568207
d_27,20277,27590.667910139917
d_28,22529,27598.041674597764
d_29,29908,27605.41543905561
d_30,28707,27612.789203513457
d_31,21240,27620.162967971304
d_32,22872,27627.53673242915
d_33,22046,27634.910496886994
d_34,23475,27642.28426134484
d_35,23572,27649.658025802688
d_36,31202,27657.031790260535
d_37,34876,27664.40555471838
d_38,24562,27671.77931917623
d_39,22752,27679.153083634075
d_40,22560,27686.526848091922
d_41,22626,27693.90061254977
d_42,25572,27701.274377007612
d_43,32225,27708.64814146546
d_44,31417,27716.021905923306
d_45,24935,27723.395670381153
d_46,24021,27730.769434839
d_47,22765,27738.143199296846
d_48,21779,27745.516963754693
d_49,23855,27752.89072821254
d_50,30599,27760.264492670387
d_51,29643,27767.638257128234
d_52,23101,27775.012021586077
d_53,20492,27782.385786043924
d_54,19230,27789.75955050177
d_55,18854,27797.133314959618
d_56,23350,27804.507079417464
d_57,29620,27811.88084387531
d_58,29866,27819.254608333158
d_59,21449,27826.628372791005
d_60,19581,27834.00213724885
d_61,18928,27841.375901706695
d_62,21742,27848.749666164542
d_63,28309,27856.12343062239
d_64,33478,27863.497195080236
d_65,33058,27870.870959538082
d_66,24852,27878.24472399593
d_67,23581,27885.618488453776
d_68,22656,27892.992252911623
d_69,22901,27900.36601736947
d_70,24754,27907.739781827313
d_71,31745,27915.11354628516
d_72,31536,27922.487310743007
d_73,24829,27929.861075200854
d_74,23218,27937.2348396587
d_75,21611,27944.608604116547
d_76,21964,27951.982368574394
d_77,25482,27959.35613303224
d_78,29234,27966.729897490088
d_79,29787,27974.10366194793
d_80,22389,27981.477426405778
d_81,19474,27988.851190863625
d_82,20188,27996.22495532147
d_83,19768,28003.59871977932
d_84,24279,28010.972484237165
d_85,29575,28018.346248695012
d_86,24018,28025.72001315286
d_87,20004,28033.093777610706
d_88,18113,28040.46754206855
d_89,17929,28047.841306526396
d_90,18145,28055.215070984243
d_91,22735,28062.58883544209
d_92,28101,28069.962599899936
d_93,29045,28077.336364357783
d_94,22837,28084.71012881563
d_95,24080,28092.083893273477
d_96,20761,28099.457657731324
d_97,21184,28106.831422189167
d_98,24486,28114.205186647014
d_99,28412,28121.57895110486
d_100,23688,28128.952715562707
d_101,25024,28136.326480020554
d_102,22231,28143.7002444784
d_103,22165,28151.074008936248
d_104,22413,28158.447773394095
d_105,25648,28165.82153785194
d_106,28736,28173.19530230979
d_107,31320,28180.56906676763
d_108,22213,28187.94283122548
d_109,19613,28195.316595683325
d_110,18770,28202.690360141172
d_111,18684,28210.06412459902
d_112,21649,28217.437889056866
d_113,27112,28224.811653514713
d_114,26246,28232.18541797256
d_115,20954,28239.559182430407
d_116,19203,28246.93294688825
d_117,19058,28254.306711346097
d_118,20480,28261.680475803943
d_119,22481,28269.05424026179
d_120,25527,28276.428004719637
d_121,23449,28283.801769177484
d_122,22538,28291.17553363533
d_123,19555,28298.549298093178
d_124,23165,28305.923062551024
d_125,22681,28313.296827008868
d_126,26781,28320.670591466715
d_127,30310,28328.04435592456
d_128,31604,28335.41812038241
d_129,26685,28342.791884840255
d_130,25089,28350.165649298102
d_131,24453,28357.53941375595
d_132,24782,28364.913178213796
d_133,26419,28372.286942671642
d_134,29940,28379.660707129486
d_135,31094,28387.034471587333
d_136,25752,28394.40823604518
d_137,24155,28401.782000503026
d_138,25258,28409.155764960873
d_139,22706,28416.52952941872
d_140,24712,28423.903293876567
d_141,28825,28431.277058334414
d_142,26106,28438.65082279226
d_143,24261,28446.024587250104
d_144,21810,28453.39835170795
d_145,21401,28460.772116165797
d_146,22780,28468.145880623644
d_147,24638,28475.51964508149
d_148,26482,28482.893409539338
d_149,27668,28490.267173997185
d_150,22642,28497.64093845503
d_151,19800,28505.01470291288
d_152,19930,28512.38846737072
d_153,21451,28519.76223182857
d_154,31033,28527.135996286415
d_155,33001,28534.509760744262
d_156,29173,28541.88352520211
d_157,23033,28549.257289659956
d_158,26596,28556.631054117803
d_159,26602,28564.00481857565
d_160,26727,28571.378583033496
d_161,27679,28578.75234749134
d_162,32486,28586.126111949186
d_163,31539,28593.499876407033
d_164,26592,28600.87364086488
d_165,24632,28608.247405322727
d_166,23445,28615.621169780574
d_167,23447,28622.99493423842
d_168,27349,28630.368698696268
d_169,30869,28637.742463154114
d_170,30334,28645.116227611958
d_171,24639,28652.489992069804
d_172,21931,28659.86375652765
d_173,22487,28667.237520985498
d_174,22778,28674.611285443345
d_175,26356,28681.98504990119
d_176,30284,28689.35881435904
d_177,28799,28696.732578816886
d_178,22895,28704.106343274732
d_179,21195,28711.480107732576
d_180,20504,28718.853872190422
d_181,21243,28726.22763664827
d_182,24542,28733.601401106116
d_183,28953,28740.975165563963
d_184,28677,28748.34893002181
d_185,26607,28755.722694479657
d_186,25475,28763.096458937503
d_187,27237,28770.47022339535
d_188,23713,28777.843987853194
d_189,26594,28785.21775231104
d_190,31959,28792.591516768887
d_191,32006,28799.965281226734
d_192,26354,28807.33904568458
d_193,26213,28814.712810142428
d_194,24578,28822.086574600275
d_195,24708,28829.46033905812
d_196,28544,28836.83410351597
d_197,33003,28844.20786797381
d_198,33909,28851.58163243166
d_199,28511,28858.955396889505
d_200,25266,28866.329161347352
d_201,23681,28873.7029258052
d_202,23376,28881.076690263046
d_203,27004,28888.450454720893
d_204,32258,28895.82421917874
d_205,33973,28903.197983636586
d_206,25324,28910.57174809443
d_207,22617,28917.945512552276
d_208,21935,28925.319277010123
d_209,21414,28932.69304146797
d_210,24268,28940.066805925817
d_211,30383,28947.440570383664
d_212,30626,28954.81433484151
d_213,22085,28962.188099299357
d_214,20350,28969.561863757204
d_215,21723,28976.93562821505
d_216,26299,28984.309392672894
d_217,29208,28991.68315713074
d_218,34032,28999.056921588588
d_219,26925,29006.430686046435
d_220,30158,29013.80445050428
d_221,26134,29021.17821496213
d_222,24445,29028.551979419975
d_223,24048,29035.925743877822
d_224,28246,29043.29950833567
d_225,33030,29050.673272793512
d_226,34632,29058.04703725136
d_227,26138,29065.420801709206
d_228,24645,29072.794566167053
d_229,23505,29080.1683306249
d_230,26343,29087.542095082747
d_231,26933,29094.915859540593
d_232,32195,29102.28962399844
d_233,32034,29109.663388456287
d_234,24367,29117.03715291413
d_235,22675,29124.410917371977
d_236,21796,29131.784681829824
d_237,21859,29139.15844628767
d_238,26706,29146.532210745518
d_239,32466,29153.905975203365
d_240,33228,29161.27973966121
d_241,24090,29168.65350411906
d_242,22788,29176.027268576905
d_243,22193,29183.401033034752
d_244,22383,29190.774797492595
d_245,30182,29198.148561950442
d_246,39312,29205.52232640829
d_247,37214,29212.896090866136
d_248,30455,29220.269855323982
d_249,26114,29227.64361978183
d_250,25913,29235.017384239676
d_251,26066,29242.391148697523
d_252,29985,29249.76491315537
d_253,35930,29257.138677613213
d_254,35940,29264.51244207106
d_255,29401,29271.886206528907
d_256,27427,29279.259970986754
d_257,27414,29286.6337354446
d_258,26116,29294.007499902447
d_259,29885,29301.381264360294
d_260,38426,29308.75502881814
d_261,36127,29316.128793275988
d_262,27592,29323.50255773383
d_263,24202,29330.876322191678
d_264,22441,29338.250086649525
d_265,22402,29345.62385110737
d_266,27130,29352.99761556522
d_267,33151,29360.371380023065
d_268,32876,29367.745144480912
d_269,24516,29375.11890893876
d_270,22437,29382.492673396606
d_271,22142,29389.86643785445
d_272,22982,29397.240202312296
d_273,26880,29404.613966770143
d_274,33219,29411.98773122799
d_275,31853,29419.361495685836
d_276,22695,29426.735260143683
d_277,26039,29434.10902460153
d_278,24808,29441.482789059377
d_279,27902,29448.856553517224
d_280,28596,29456.230317975067
d_281,36887,29463.604082432914
d_282,37887,29470.97784689076
d_283,27278,29478.351611348608
d_284,25188,29485.725375806454
d_285,26092,29493.0991402643
d_286,26147,29500.472904722148
d_287,29755,29507.846669179995
d_288,35922,29515.22043363784
d_289,35348,29522.594198095685
d_290,26773,29529.967962553532
d_291,26701,29537.34172701138
d_292,23928,29544.715491469226
d_293,23114,29552.089255927072
d_294,26507,29559.46302038492
d_295,33545,29566.836784842766
d_296,32753,29574.210549300613
d_297,25574,29581.58431375846
d_298,25654,29588.958078216303
d_299,30787,29596.33184267415
d_300,18427,29603.705607131997
d_301,23998,29611.079371589844
d_302,25292,29618.45313604769
d_303,27134,29625.826900505537
d_304,22378,29633.200664963384
d_305,21584,29640.57442942123
d_306,21089,29647.948193879078
d_307,26268,29655.32195833692
d_308,29727,29662.695722794768
d_309,38129,29670.069487252615
d_310,35078,29677.44325171046
d_311,29220,29684.81701616831
d_312,27267,29692.190780626155
d_313,25453,29699.564545084002
d_314,26347,29706.93830954185
d_315,29438,29714.312073999696
d_316,34786,29721.68583845754
d_317,35743,29729.059602915386
d_318,29151,29736.433367373233
d_319,26913,29743.80713183108
d_320,26794,29751.180896288926
d_321,29644,29758.554660746773
d_322,28885,29765.92842520462
d_323,34159,29773.302189662467
d_324,32087,29780.675954120314
d_325,27068,29788.049718578157
d_326,26262,29795.423483036004
d_327,26662,29802.79724749385
d_328,28182,29810.171011951697
d_329,34646,29817.544776409544
d_330,29958,29824.91854086739
d_331,13,29832.292305325238
d_332,28032,29839.666069783085
d_333,24651,29847.03983424093
d_334,24791,29854.413598698775
d_335,24541,29861.78736315662
d_336,33652,29869.16112761447
d_337,33751,29876.534892072315
d_338,21807,29883.908656530162
d_339,33053,29891.28242098801
d_340,28751,29898.656185445856
d_341,25821,29906.029949903703
d_342,28499,29913.40371436155
d_343,30405,29920.777478819393
d_344,37143,29928.15124327724
d_345,36722,29935.525007735087
d_346,28206,29942.898772192933
d_347,26640,29950.27253665078
d_348,29044,29957.646301108627
d_349,24715,29965.020065566474
d_350,29463,29972.39383002432
d_351,36815,29979.767594482168
d_352,36459,29987.14135894001
d_353,30548,29994.515123397858
d_354,22187,30001.888887855705
d_355,25348,30009.26265231355
d_356,24034,30016.6364167714
d_357,27204,30024.010181229245
d_358,38578,30031.383945687092
d_359,32587,30038.75771014494
d_360,24702,30046.131474602786
d_361,23549,30053.50523906063
d_362,22408,30060.879003518476
d_363,23237,30068.252767976323
d_364,27199,30075.62653243417
d_365,34362,30083.000296892016
d_366,33577,30090.374061349863
d_367,25188,30097.74782580771
d_368,25124,30105.121590265557
d_369,29851,30112.495354723404
d_370,28615,30119.869119181247
d_371,35104,30127.242883639097
d_372,43029,30134.61664809694
d_373,40075,30141.990412554787
d_374,30681,30149.364177012634
d_375,28108,30156.73794147048
d_376,28579,30164.111705928328
d_377,29927,30171.485470386175
d_378,29863,30178.85923484402
d_379,41757,30186.23299930187
d_380,41904,30193.606763759715
d_381,31675,30200.98052821756
d_382,25100,30208.354292675405
d_383,26878,30215.728057133252
d_384,25195,30223.1018215911
d_385,27604,30230.475586048946
d_386,36622,30237.849350506793
d_387,36338,30245.22311496464
d_388,30218,30252.596879422486
d_389,25190,30259.970643880333
d_390,24115,30267.344408338176
d_391,25211,30274.718172796023
d_392,27870,30282.09193725387
d_393,35769,30289.465701711717
d_394,36281,30296.839466169564
d_395,27270,30304.21323062741
d_396,24359,30311.586995085258
d_397,24802,30318.960759543104
d_398,30232,30326.33452400095
d_399,32543,30333.708288458794
d_400,41319,30341.08205291664
d_401,40325,30348.455817374488
d_402,32703,30355.829581832335
d_403,31532,30363.20334629018
d_404,28608,30370.57711074803
d_405,29759,30377.950875205875
d_406,32322,30385.324639663722
d_407,39559,30392.69840412157
d_408,40612,30400.072168579412
d_409,32501,30407.44593303726
d_410,29100,30414.819697495106
d_411,27841,30422.193461952953
d_412,30752,30429.5672264108
d_413,30951,30436.940990868647
d_414,37904,30444.314755326493
d_415,37694,30451.68851978434
d_416,29187,30459.062284242187
d_417,25533,30466.43604870003
d_418,26227,30473.809813157877
d_419,26015,30481.183577615724
d_420,29055,30488.55734207357
d_421,37089,30495.931106531418
d_422,37843,30503.304870989265
d_423,27182,30510.67863544711
d_424,24649,30518.05239990496
d_425,24783,30525.426164362805
d_426,23879,30532.79992882065
d_427,30732,30540.173693278495
d_428,38463,30547.547457736342
d_429,39783,30554.92122219419
d_430,31359,30562.294986652036
d_431,33033,30569.668751109883
d_432,28318,30577.04251556773
d_433,31368,30584.416280025576
d_434,37545,30591.790044483423
d_435,45638,30599.163808941266
d_436,36210,30606.537573399113
d_437,31993,30613.91133785696
d_438,28800,30621.285102314807
d_439,29575,30628.658866772654
d_440,28568,30636.0326312305
d_441,31938,30643.406395688347
d_442,38546,30650.780160146194
d_443,38707,30658.15392460404
d_444,27672,30665.527689061884
d_445,26067,30672.90145351973
d_446,24699,30680.275217977578
d_447,24824,30687.648982435425
d_448,28143,30695.02274689327
d_449,36708,30702.39651135112
d_450,36764,30709.770275808965
d_451,26670,30717.144040266812
d_452,24848,30724.51780472466
d_453,24448,30731.891569182502
d_454,24530,30739.26533364035
d_455,28977,30746.639098098196
d_456,35647,30754.012862556043
d_457,36124,30761.38662701389
d_458,27356,30768.760391471737
d_459,30290,30776.134155929583
d_460,29239,30783.50792038743
d_461,32959,30790.881684845277
d_462,32932,30798.25544930312
d_463,39201,30805.629213760967
d_464,41529,30813.002978218814
d_465,33477,30820.37674267666
d_466,30433,30827.750507134508
d_467,30204,30835.124271592354
d_468,28164,30842.4980360502
d_469,32814,30849.87180050805
d_470,40872,30857.245564965895
d_471,33769,30864.61932942374
d_472,31583,30871.993093881585
d_473,31758,30879.366858339432
d_474,28677,30886.74062279728
d_475,27323,30894.114387255126
d_476,32311,30901.488151712972
d_477,37929,30908.86191617082
d_478,39514,30916.235680628666
d_479,28805,30923.609445086513
d_480,27502,30930.983209544356
d_481,26623,30938.356974002203
d_482,27963,30945.73073846005
d_483,32797,30953.104502917897
d_484,37239,30960.478267375744
d_485,33853,30967.85203183359
d_486,33407,30975.225796291437
d_487,28620,30982.599560749284
d_488,27150,30989.97332520713
d_489,28809,30997.347089664974
d_490,39529,31004.72085412282
d_491,44943,31012.094618580668
d_492,43910,31019.468383038515
d_493,33294,31026.84214749636
d_494,34006,31034.21591195421
d_495,33587,31041.589676412055
d_496,32535,31048.963440869902
d_497,36901,31056.33720532775
d_498,43309,31063.710969785592
d_499,44944,31071.08473424344
d_500,39636,31078.458498701286
d_501,35074,31085.832263159133
d_502,32930,31093.20602761698
d_503,33782,31100.579792074826
d_504,41798,31107.953556532673
d_505,44438,31115.32732099052
d_506,39039,31122.701085448367
d_507,34100,31130.07484990621
d_508,31967,31137.448614364057
d_509,31468,31144.822378821904
d_510,30764,31152.19614327975
d_511,36477,31159.569907737598
d_512,40010,31166.943672195444
d_513,40509,31174.31743665329
d_514,31847,31181.691201111138
d_515,29371,31189.064965568985
d_516,28885,31196.438730026828
d_517,29585,31203.812494484675
d_518,36377,31211.18625894252
d_519,40594,31218.56002340037
d_520,40699,31225.933787858216
d_521,35863,31233.307552316062
d_522,39542,31240.68131677391
d_523,32656,31248.055081231756
d_524,34408,31255.428845689603
d_525,39991,31262.802610147446
d_526,41431,31270.176374605297
d_527,42672,31277.55013906314
d_528,35770,31284.923903520987
d_529,32587,31292.297667978833
d_530,33072,31299.67143243668
d_531,33077,31307.045196894527
d_532,36582,31314.418961352374
d_533,42348,31321.79272581022
d_534,43689,31329.166490268068
d_535,33020,31336.540254725915
d_536,30418,31343.914019183758
d_537,28916,31351.287783641605
d_538,30864,31358.66154809945
d_539,35402,31366.0353125573
d_540,39544,31373.409077015145
d_541,39952,31380.782841472992
d_542,30864,31388.15660593084
d_543,29479,31395.530370388686
d_544,28354,31402.904134846533
d_545,28538,31410.277899304376
d_546,31840,31417.651663762223
d_547,34588,31425.02542822007
d_548,36147,31432.399192677916
d_549,28933,31439.772957135763
d_550,29531,31447.14672159361
d_551,33970,31454.520486051457
d_552,35260,31461.894250509304
d_553,39511,31469.26801496715
d_554,41276,31476.641779424994
d_555,43009,31484.01554388284
d_556,37024,31491.389308340687
d_557,32394,31498.763072798534
d_558,32301,31506.13683725638
d_559,35008,31513.510601714228
d_560,36465,31520.884366172075
d_561,44081,31528.258130629918
d_562,45798,31535.63189508777
d_563,36030,31543.00565954561
d_564,34312,31550.37942400346
d_565,35497,31557.753188461305
d_566,34405,31565.126952919152
d_567,35457,31572.500717377
d_568,41521,31579.874481834846
d_569,43364,31587.248246292693
d_570,32410,31594.62201075054
d_571,30206,31601.995775208386
d_572,28922,31609.36953966623
d_573,28552,31616.743304124077
d_574,33044,31624.117068581923
d_575,39964,31631.49083303977
d_576,41021,31638.864597497617
d_577,31010,31646.238361955464
d_578,28472,31653.61212641331
d_579,27101,31660.985890871158
d_580,28303,31668.359655329004
d_581,37092,31675.733419786848
d_582,44630,31683.107184244695
d_583,42819,31690.48094870254
d_584,44525,31697.85471316039
d_585,31879,31705.228477618235
d_586,31854,31712.602242076082
d_587,32575,31719.97600653393
d_588,34775,31727.349770991776
d_589,43218,31734.723535449622
d_590,46649,31742.097299907466
d_591,32972,31749.471064365312
d_592,32370,31756.84482882316
d_593,31018,31764.218593281006
d_594,30142,31771.592357738853
d_595,36359,31778.9661221967
d_596,45959,31786.339886654547
d_597,44286,31793.713651112394
d_598,31860,31801.08741557024
d_599,29276,31808.461180028084
d_600,27065,31815.83494448593
d_601,28557,31823.208708943777
d_602,33634,31830.582473401624
d_603,41889,31837.95623785947
d_604,41362,31845.330002317318
d_605,29176,31852.703766775165
d_606,27979,31860.07753123301
d_607,26932,31867.45129569086
d_608,27231,31874.8250601487
d_609,32656,31882.19882460655
d_610,40981,31889.572589064395
d_611,39736,31896.946353522242
d_612,34841,31904.32011798009
d_613,33830,31911.693882437936
d_614,34220,31919.067646895783
d_615,30075,31926.44141135363
d_616,34588,31933.815175811476
d_617,44040,31941.18894026932
d_618,41872,31948.562704727166
d_619,33790,31955.936469185013
d_620,32295,31963.31023364286
d_621,29969,31970.683998100707
d_622,29998,31978.057762558554
d_623,35052,31985.4315270164
d_624,42226,31992.805291474247
d_625,42237,32000.179055932094
d_626,33684,32007.552820389938
d_627,27869,32014.926584847788
d_628,27103,32022.30034930563
d_629,26169,32029.674113763478
d_630,29711,32037.047878221325
d_631,36689,32044.42164267917
d_632,36987,32051.79540713702
d_633,26712,32059.169171594865
d_634,25419,32066.542936052712
d_635,24390,32073.916700510556
d_636,24312,32081.290464968406
d_637,31863,32088.66422942625
d_638,38547,32096.037993884096
d_639,37184,32103.411758341943
d_640,27581,32110.78552279979
d_641,28080,32118.159287257637
d_642,24975,32125.533051715483
d_643,31051,32132.90681617333
d_644,35514,32140.280580631174
d_645,45079,32147.654345089024
d_646,42545,32155.028109546867
d_647,33057,32162.401874004714
d_648,30514,32169.77563846256
d_649,29683,32177.149402920408
d_650,30757,32184.523167378255
d_651,35722,32191.8969318361
d_652,42884,32199.27069629395
d_653,43517,32206.64446075179
d_654,33213,32214.018225209642
d_655,28308,32221.391989667485
d_656,27835,32228.765754125332
d_657,29713,32236.13951858318
d_658,31616,32243.513283041026
d_659,40441,32250.887047498873
d_660,37576,32258.26081195672
d_661,29330,32265.634576414566
d_662,30274,32273.00834087241
d_663,35208,32280.38210533026
d_664,21909,32287.755869788103
d_665,23423,32295.12963424595
d_666,30016,32302.503398703797
d_667,32732,32309.877163161644
d_668,26476,32317.25092761949
d_669,24489,32324.624692077337
d_670,23545,32331.998456535184
d_671,23868,32339.372220993027
d_672,30389,32346.745985450878
d_673,42496,32354.11974990872
d_674,40940,32361.493514366568
d_675,35337,32368.867278824415
d_676,28819,32376.24104328226
d_677,31184,32383.61480774011
d_678,31124,32390.988572197955
d_679,33594,32398.362336655802
d_680,41573,32405.736101113645
d_681,42526,32413.109865571496
d_682,31089,32420.48363002934
d_683,30298,32427.857394487186
d_684,30016,32435.231158945033
d_685,28671,32442.60492340288
d_686,32902,32449.978687860726
d_687,42390,32457.352452318573
d_688,40053,32464.72621677642
d_689,31025,32472.099981234263
d_690,30254,32479.473745692114
d_691,31782,32486.847510149957
d_692,30872,32494.221274607804
d_693,32848,32501.59503906565
d_694,40015,32508.968803523498
d_695,38987,32516.342567981344
d_696,32623,32523.71633243919
d_697,11,32531.090096897038
d_698,29701,32538.46386135488
d_699,29086,32545.837625812732
d_700,32347,32553.211390270575
d_701,37154,32560.585154728422
d_702,35699,32567.95891918627
d_703,35036,32575.332683644116
d_704,24087,32582.706448101962
d_705,32184,32590.08021255981
d_706,36241,32597.453977017656
d_707,33742,32604.8277414755
d_708,43287,32612.20150593335
d_709,43994,32619.575270391193
d_710,33517,32626.94903484904
d_711,31220,32634.322799306887
d_712,29532,32641.696563764734
d_713,29793,32649.07032822258
d_714,34476,32656.444092680427
d_715,45878,32663.817857138274
d_716,40207,32671.191621596117
d_717,30614,32678.565386053968
d_718,30901,32685.93915051181
d_719,28802,32693.312914969658
d_720,28370,32700.686679427505
d_721,32812,32708.06044388535
d_722,42267,32715.4342083432
d_723,37041,32722.807972801045
d_724,30887,32730.181737258892
d_725,25556,32737.55550171674
d_726,25594,32744.929266174586
d_727,24967,32752.30303063243
d_728,29852,32759.676795090276
d_729,40693,32767.050559548123
d_730,38427,32774.42432400597
d_731,27796,32781.79808846382
d_732,25549,32789.17185292166
d_733,23523,32796.54561737951
d_734,26751,32803.91938183735
d_735,39076,32811.293146295204
d_736,51032,32818.66691075305
d_737,41558,32826.0406752109
d_738,28992,32833.41443966874
d_739,31633,32840.788204126584
d_740,31937,32848.161968584434
d_741,29699,32855.535733042285
d_742,35546,32862.90949750013
d_743,45852,32870.28326195797
d_744,43910,32877.65702641582
d_745,36617,32885.030790873665
d_746,36141,32892.404555331515
d_747,38551,32899.77831978936
d_748,30209,32907.15208424721
d_749,38260,32914.52584870505
d_750,45157,32921.899613162896
d_751,44653,32929.273377620746
d_752,34638,32936.64714207859
d_753,28248,32944.02090653644
d_754,30201,32951.39467099428
d_755,31408,32958.76843545213
d_756,32563,32966.14219990998
d_757,43031,32973.51596436783
d_758,44142,32980.88972882567
d_759,32020,32988.26349328352
d_760,27328,32995.637257741364
d_761,27884,33003.01102219921
d_762,30374,33010.38478665706
d_763,39451,33017.7585511149
d_764,49772,33025.13231557275
d_765,48247,33032.506080030595
d_766,35817,33039.879844488445
d_767,31236,33047.25360894629
d_768,32028,33054.62737340413
d_769,29770,33062.00113786198
d_770,34292,33069.374902319825
d_771,44889,33076.748666777676
d_772,44108,33084.12243123552
d_773,36438,33091.49619569337
d_774,33792,33098.86996015121
d_775,31808,33106.24372460906
d_776,33167,33113.617489066906
d_777,37501,33120.99125352476
d_778,43652,33128.3650179826
d_779,42570,33135.73878244044
d_780,31365,33143.112546898294
d_781,29012,33150.48631135614
d_782,29456,33157.86007581399
d_783,29642,33165.23384027183
d_784,33168,33172.60760472968
d_785,40620,33179.981369187524
d_786,40633,33187.35513364537
d_787,29667,33194.72889810322
d_788,28632,33202.10266256106
d_789,28258,33209.47642701891
d_790,29654,33216.850191476755
d_791,38067,33224.223955934605
d_792,46410,33231.59772039245
d_793,34448,33238.9714848503
d_794,34522,33246.34524930814
d_795,34642,33253.71901376599
d_796,35594,33261.092778223836
d_797,32174,33268.46654268168
d_798,38056,33275.84030713953
d_799,46821,33283.21407159737
d_800,46444,33290.58783605522
d_801,35017,33297.96160051307
d_802,33750,33305.33536497092
d_803,31441,33312.70912942876
d_804,32692,33320.0828938866
d_805,36082,33327.456658344454
d_806,43645,33334.8304228023
d_807,43990,33342.20418726015
d_808,34102,33349.57795171799
d_809,31039,33356.95171617584
d_810,28815,33364.325480633684
d_811,28474,33371.699245091535
d_812,32829,33379.07300954938
d_813,40857,33386.44677400723
d_814,39931,33393.82053846507
d_815,29951,33401.194302922915
d_816,27059,33408.568067380766
d_817,27607,33415.94183183861
d_818,27476,33423.31559629646
d_819,31206,33430.6893607543
d_820,35329,33438.06312521215
d_821,38902,33445.436889669996
d_822,27445,33452.81065412784
d_823,28144,33460.18441858569
d_824,31358,33467.55818304353
d_825,31741,33474.93194750138
d_826,36950,33482.30571195923
d_827,40812,33489.67947641708
d_828,43203,33497.05324087492
d_829,35368,33504.42700533277
d_830,31673,33511.800769790614
d_831,31346,33519.174534248465
d_832,32938,33526.54829870631
d_833,33497,33533.92206316415
d_834,45385,33541.295827622
d_835,37390,33548.669592079845
d_836,34609,33556.043356537695
d_837,32885,33563.41712099554
d_838,34611,33570.79088545339
d_839,31937,33578.16464991123
d_840,34682,33585.538414369075
d_841,40830,33592.912178826926
d_842,42673,33600.28594328477
d_843,33646,33607.65970774262
d_844,30286,33615.03347220046
d_845,28935,33622.40723665831
d_846,30902,33629.78100111616
d_847,35081,33637.15476557401
d_848,39143,33644.52853003185
d_849,36049,33651.9022944897
d_850,36277,33659.276058947544
d_851,29298,33666.64982340539
d_852,26967,33674.02358786324
d_853,28125,33681.39735232108
d_854,36086,33688.77111677893
d_855,44808,33696.144881236774
d_856,47502,33703.518645694625
d_857,39245,33710.89241015247
d_858,33809,33718.26617461031
d_859,35911,33725.63993906816
d_860,34166,33733.013703526005
d_861,37602,33740.387467983855
d_862,44647,33747.7612324417
d_863,48164,33755.13499689955
d_864,36769,33762.50876135739
d_865,34625,33769.88252581524
d_866,33942,33777.256290273086
d_867,34188,33784.63005473094
d_868,39767,33792.00381918878
d_869,46309,33799.37758364662
d_870,39690,33806.75134810447
d_871,34118,33814.12511256232
d_872,31177,33821.49887702017
d_873,31070,33828.87264147801
d_874,31771,33836.24640593586
d_875,36703,33843.620170393704
d_876,42276,33850.99393485155
d_877,43275,33858.3676993094
d_878,34118,33865.74146376724
d_879,31603,33873.11522822509
d_880,30356,33880.488992682935
d_881,31457,33887.862757140785
d_882,36753,33895.23652159863
d_883,44949,33902.61028605648
d_884,44823,33909.98405051432
d_885,38716,33917.35781497217
d_886,37242,33924.731579430016
d_887,43999,33932.10534388786
d_888,36783,33939.47910834571
d_889,40807,33946.85287280355
d_890,41832,33954.2266372614
d_891,44624,33961.600401719246
d_892,37460,33968.9741661771
d_893,37253,33976.34793063494
d_894,34579,33983.72169509278
d_895,36361,33991.095459550634
d_896,41279,33998.469224008484
d_897,45185,34005.84298846633
d_898,46672,34013.21675292417
d_899,37624,34020.59051738202
d_900,33937,34027.964281839864
d_901,32467,34035.338046297715
d_902,33921,34042.71181075556
d_903,36194,34050.08557521341
d_904,41527,34057.45933967125
d_905,42039,34064.833104129095
d_906,32203,34072.206868586945
d_907,31304,34079.58063304479
d_908,31468,34086.95439750264
d_909,31816,34094.32816196048
d_910,36843,34101.70192641833
d_911,41672,34109.075690876176
d_912,40480,34116.44945533403
d_913,31763,34123.82321979187
d_914,30162,34131.19698424972
d_915,31255,34138.57074870756
d_916,37309,34145.94451316541
d_917,41663,34153.31827762326
d_918,47105,34160.6920420811
d_919,44439,34168.06580653895
d_920,39149,34175.439570996794
d_921,36694,34182.813335454644
d_922,35079,34190.18709991249
d_923,34886,34197.56086437033
d_924,40699,34204.93462882818
d_925,44912,34212.308393286025
d_926,47520,34219.682157743875
d_927,38753,34227.05592220172
d_928,35144,34234.42968665957
d_929,33732,34241.80345111741
d_930,37643,34249.17721557526
d_931,38025,34256.550980033106
d_932,44431,34263.924744490956
d_933,44894,34271.2985089488
d_934,35237,34278.67227340664
d_935,31625,34286.04603786449
d_936,32633,34293.419802322336
d_937,31793,34300.79356678019
d_938,37113,34308.16733123803
d_939,44836,34315.54109569588
d_940,48577,34322.91486015372
d_941,34200,34330.28862461157
d_942,32963,34337.66238906942
d_943,32456,34345.03615352726
d_944,31710,34352.40991798511
d_945,41621,34359.783682442954
d_946,47972,34367.157446900805
d_947,44741,34374.53121135865
d_948,47072,34381.9049758165
d_949,37799,34389.27874027434
d_950,33328,34396.65250473219
d_951,35425,34404.026269190035
d_952,38684,34411.40003364788
d_953,47600,34418.77379810573
d_954,51740,34426.14756256357
d_955,39765,34433.52132702142
d_956,34663,34440.895091479266
d_957,36195,34448.268855937116
d_958,36767,34455.64262039496
d_959,40971,34463.0163848528
d_960,49166,34470.39014931065
d_961,50970,34477.7639137685
d_962,36775,34485.13767822635
d_963,32571,34492.51144268419
d_964,31281,34499.88520714204
d_965,30823,34507.258971599884
d_966,36281,34514.632736057734
d_967,46001,34522.00650051558
d_968,46210,34529.38026497343
d_969,32784,34536.75402943127
d_970,31064,34544.127793889114
d_971,29959,34551.501558346965
d_972,30648,34558.87532280481
d_973,35502,34566.24908726266
d_974,44441,34573.6228517205
d_975,44396,34580.99661617835
d_976,32893,34588.370380636195
d_977,36730,34595.74414509404
d_978,33900,34603.11790955189
d_979,37215,34610.49167400973
d_980,37334,34617.86543846758
d_981,48777,34625.239202925426
d_982,49888,34632.61296738328
d_983,37003,34639.98673184112
d_984,34544,34647.36049629897
d_985,34746,34654.73426075681
d_986,34019,34662.108025214664
d_987,38093,34669.48178967251
d_988,46581,34676.85555413035
d_989,46343,34684.2293185882
d_990,36836,34691.603083046044
d_991,33213,34698.976847503895
d_992,32677,34706.35061196174
d_993,30538,34713.72437641959
d_994,34337,34721.09814087743
d_995,42043,34728.471905335275
d_996,43352,34735.845669793125
d_997,31859,34743.21943425097
d_998,28957,34750.59319870882
d_999,29525,34757.96696316666
d_1000,29260,34765.34072762451
d_1001,33877,34772.714492082356
d_1002,42454,34780.088256540206
d_1003,40665,34787.46202099805
d_1004,32058,34794.8357854559
d_1005,29529,34802.20954991374
d_1006,31136,34809.583314371586
d_1007,27034,34816.95707882944
d_1008,39727,34824.33084328728
d_1009,47093,34831.70460774513
d_1010,48373,34839.078372202974
d_1011,32972,34846.452136660824
d_1012,34087,34853.82590111867
d_1013,33030,34861.19966557651
d_1014,31953,34868.57343003436
d_1015,35460,34875.947194492204
d_1016,45717,34883.320958950055
d_1017,43905,34890.6947234079
d_1018,36396,34898.06848786575
d_1019,32275,34905.44225232359
d_1020,29255,34912.81601678144
d_1021,29468,34920.189781239285
d_1022,35775,34927.563545697136
d_1023,44587,34934.93731015498
d_1024,42589,34942.31107461282
d_1025,32110,34949.68483907067
d_1026,28522,34957.058603528516
d_1027,27915,34964.43236798637
d_1028,28699,34971.80613244421
d_1029,32863,34979.17989690206
d_1030,40047,34986.5536613599
d_1031,38446,34993.92742581775
d_1032,28645,35001.3011902756
d_1033,31293,35008.67495473344
d_1034,36139,35016.04871919129
d_1035,19839,35023.422483649134
d_1036,26073,35030.796248106984
d_1037,31546,35038.17001256483
d_1038,38187,35045.54377702268
d_1039,37087,35052.91754148052
d_1040,38024,35060.29130593837
d_1041,31519,35067.665070396215
d_1042,35151,35075.03883485406
d_1043,36899,35082.41259931191
d_1044,44450,35089.78636376975
d_1045,40424,35097.1601282276
d_1046,33653,35104.533892685446
d_1047,31422,35111.907657143296
d_1048,30911,35119.28142160114
d_1049,31669,35126.65518605898
d_1050,36163,35134.02895051683
d_1051,41528,35141.40271497468
d_1052,43097,35148.77647943253
d_1053,32474,35156.15024389037
d_1054,30338,35163.52400834822
d_1055,31692,35170.89777280606
d_1056,32411,35178.271537263914
d_1057,32123,35185.64530172176
d_1058,40474,35193.01906617961
d_1059,34915,35200.39283063745
d_1060,35289,35207.766595095294
d_1061,31077,35215.140359553145
d_1062,20,35222.51412401099
d_1063,32727,35229.88788846884
d_1064,33095,35237.26165292668
d_1065,36490,35244.63541738453
d_1066,34121,35252.009181842375
d_1067,32293,35259.382946300226
d_1068,34811,35266.75671075807
d_1069,23845,35274.13047521592
d_1070,32653,35281.50423967376
d_1071,38870,35288.878004131606
d_1072,44616,35296.251768589456
d_1073,45302,35303.6255330473
d_1074,32412,35310.99929750515
d_1075,30952,35318.37306196299
d_1076,32973,35325.746826420844
d_1077,33197,35333.12059087869
d_1078,32766,35340.49435533653
d_1079,47798,35347.86811979438
d_1080,46858,35355.241884252224
d_1081,33714,35362.615648710074
d_1082,30223,35369.98941316792
d_1083,31579,35377.36317762577
d_1084,31190,35384.73694208361
d_1085,35240,35392.11070654146
d_1086,43233,35399.484470999305
d_1087,40427,35406.858235457155
d_1088,32706,35414.231999915
d_1089,27854,35421.60576437284
d_1090,28197,35428.97952883069
d_1091,26244,35436.353293288535
d_1092,30888,35443.727057746386
d_1093,40529,35451.10082220423
d_1094,40197,35458.47458666208
d_1095,30060,35465.84835111992
d_1096,24000,35473.222115577766
d_1097,24983,35480.59588003562
d_1098,27017,35487.96964449346
d_1099,36489,35495.34340895131
d_1100,45333,35502.71717340915
d_1101,43897,35510.090937867004
d_1102,37294,35517.46470232485
d_1103,30577,35524.8384667827
d_1104,31676,35532.21223124054
d_1105,32389,35539.58599569839
d_1106,34255,35546.959760156235
d_1107,47108,35554.33352461408
d_1108,48040,35561.70728907193
d_1109,33147,35569.08105352977
d_1110,33533,35576.45481798762
d_1111,36738,35583.828582445465
d_1112,37483,35591.202346903316
d_1113,33910,35598.57611136116
d_1114,44965,35605.949875819
d_1115,43832,35613.32364027685
d_1116,34557,35620.6974047347
d_1117,30710,35628.071169192546
d_1118,30411,35635.44493365039
d_1119,29703,35642.81869810824
d_1120,33326,35650.19246256608
d_1121,41488,35657.566227023926
d_1122,44427,35664.93999148178
d_1123,31797,35672.31375593963
d_1124,29725,35679.68752039747
d_1125,26351,35687.061284855314
d_1126,28890,35694.435049313164
d_1127,34198,35701.80881377101
d_1128,45496,35709.18257822886
d_1129,46777,35716.5563426867
d_1130,37201,35723.93010714455
d_1131,30066,35731.303871602395
d_1132,31278,35738.67763606024
d_1133,32662,35746.05140051809
d_1134,34864,35753.42516497594
d_1135,43485,35760.79892943378
d_1136,50090,35768.172693891625
d_1137,37506,35775.546458349476
d_1138,34567,35782.92022280732
d_1139,34942,35790.29398726517
d_1140,33084,35797.66775172301
d_1141,36946,35805.04151618086
d_1142,44708,35812.41528063871
d_1143,45376,35819.78904509655
d_1144,32084,35827.1628095544
d_1145,30095,35834.53657401224
d_1146,29384,35841.910338470094
d_1147,28809,35849.28410292794
d_1148,33202,35856.65786738579
d_1149,41441,35864.03163184363
d_1150,44171,35871.405396301474
d_1151,31843,35878.779160759324
d_1152,28466,35886.152925217175
d_1153,27014,35893.52668967502
d_1154,30210,35900.90045413286
d_1155,32918,35908.27421859071
d_1156,41193,35915.647983048555
d_1157,43156,35923.021747506406
d_1158,30672,35930.39551196425
d_1159,33708,35937.7692764221
d_1160,33699,35945.14304087994
d_1161,36604,35952.516805337786
d_1162,35685,35959.890569795636
d_1163,46776,35967.26433425348
d_1164,48790,35974.63809871133
d_1165,36594,35982.01186316917
d_1166,35248,35989.38562762702
d_1167,35209,35996.75939208487
d_1168,33038,36004.13315654271
d_1169,38439,36011.50692100056
d_1170,46155,36018.88068545841
d_1171,46083,36026.254449916254
d_1172,35751,36033.6282143741
d_1173,36396,36041.00197883195
d_1174,34228,36048.37574328979
d_1175,33193,36055.74950774764
d_1176,38905,36063.123272205485
d_1177,47819,36070.497036663335
d_1178,38934,36077.87080112118
d_1179,31626,36085.24456557902
d_1180,30678,36092.61833003687
d_1181,30437,36099.992094494715
d_1182,30792,36107.365858952566
d_1183,33427,36114.73962341041
d_1184,42377,36122.11338786826
d_1185,43440,36129.4871523261
d_1186,31508,36136.860916783946
d_1187,29865,36144.234681241796
d_1188,28883,36151.60844569965
d_1189,33859,36158.98221015749
d_1190,38951,36166.35597461533
d_1191,46542,36173.729739073184
d_1192,45139,36181.10350353103
d_1193,35820,36188.47726798888
d_1194,33611,36195.85103244672
d_1195,32146,36203.22479690457
d_1196,31819,36210.598561362414
d_1197,36363,36217.97232582026
d_1198,42843,36225.34609027811
d_1199,38180,36232.71985473595
d_1200,37922,36240.0936191938
d_1201,33844,36247.467383651645
d_1202,32817,36254.841148109495
d_1203,33522,36262.21491256734
d_1204,34589,36269.58867702518
d_1205,40019,36276.96244148303
d_1206,43020,36284.33620594088
d_1207,32314,36291.709970398726
d_1208,29926,36299.08373485657
d_1209,29083,36306.45749931442
d_1210,30386,36313.83126377226
d_1211,33425,36321.20502823011
d_1212,38386,36328.57879268796
d_1213,35965,36335.95255714581
d_1214,33459,36343.32632160365
d_1215,28912,36350.70008606149
d_1216,28109,36358.073850519344
d_1217,27689,36365.44761497719
d_1218,33740,36372.82137943504
d_1219,40692,36380.19514389288
d_1220,44602,36387.56890835073
d_1221,37312,36394.942672808575
d_1222,38357,36402.31643726642
d_1223,32899,36409.69020172427
d_1224,35655,36417.06396618212
d_1225,37457,36424.43773063996
d_1226,44347,36431.811495097805
d_1227,45279,36439.185259555656
d_1228,38256,36446.5590240135
d_1229,33658,36453.93278847135
d_1230,34644,36461.30655292919
d_1231,35077,36468.68031738704
d_1232,38356,36476.054081844886
d_1233,44984,36483.42784630273
d_1234,42494,36490.80161076058
d_1235,35203,36498.17537521842
d_1236,33542,36505.54913967627
d_1237,32269,36512.92290413412
d_1238,33120,36520.29666859197
d_1239,37996,36527.67043304981
d_1240,42420,36535.044197507654
d_1241,42460,36542.417961965504
d_1242,33158,36549.791726423355
d_1243,30641,36557.1654908812
d_1244,28821,36564.53925533904
d_1245,29356,36571.91301979689
d_1246,34078,36579.286784254735
d_1247,39930,36586.660548712585
d_1248,40211,36594.03431317043
d_1249,33449,36601.40807762828
d_1250,37739,36608.78184208612
d_1251,37869,36616.155606543965
d_1252,47028,36623.529371001816
d_1253,38593,36630.90313545967
d_1254,40782,36638.27689991751
d_1255,45490,36645.65066437535
d_1256,37635,36653.0244288332
d_1257,36448,36660.39819329105
d_1258,37214,36667.77195774889
d_1259,35179,36675.14572220674
d_1260,40253,36682.51948666459
d_1261,47696,36689.893251122434
d_1262,43675,36697.26701558028
d_1263,36281,36704.64078003813
d_1264,35815,36712.01454449597
d_1265,33011,36719.38830895382
d_1266,32430,36726.762073411664
d_1267,36449,36734.135837869515
d_1268,42480,36741.50960232736
d_1269,42689,36748.8833667852
d_1270,33451,36756.25713124305
d_1271,31512,36763.6308957009
d_1272,30939,36771.004660158746
d_1273,30525,36778.37842461659
d_1274,33848,36785.75218907444
d_1275,39008,36793.12595353228
d_1276,42214,36800.499717990126
d_1277,32632,36807.873482447976
d_1278,30705,36815.24724690583
d_1279,30334,36822.62101136367
d_1280,31840,36829.99477582151
d_1281,43129,36837.36854027936
d_1282,47011,36844.74230473721
d_1283,47572,36852.11606919506
d_1284,35799,36859.4898336529
d_1285,36238,36866.86359811075
d_1286,34547,36874.237362568594
d_1287,34577,36881.61112702644
d_1288,38980,36888.98489148429
d_1289,45258,36896.35865594214
d_1290,43249,36903.73242039998
d_1291,36122,36911.106184857825
d_1292,36672,36918.479949315675
d_1293,34419,36925.85371377352
d_1294,34536,36933.22747823137
d_1295,38258,36940.60124268921
d_1296,44555,36947.97500714706
d_1297,46673,36955.348771604906
d_1298,35379,36962.72253606275
d_1299,31959,36970.0963005206
d_1300,31847,36977.47006497844
d_1301,32399,36984.84382943629
d_1302,37116,36992.21759389414
d_1303,44673,36999.59135835199
d_1304,47443,37006.96512280983
d_1305,34667,37014.33888726767
d_1306,31402,37021.712651725524
d_1307,29506,37029.086416183374
d_1308,29976,37036.46018064122
d_1309,37693,37043.83394509906
d_1310,43237,37051.20770955691
d_1311,39210,37058.581474014754
d_1312,43256,37065.955238472605
d_1313,34299,37073.32900293045
d_1314,37397,37080.7027673883
d_1315,31483,37088.07653184614
d_1316,35966,37095.450296303985
d_1317,46017,37102.824060761835
d_1318,45953,37110.19782521968
d_1319,35580,37117.57158967753
d_1320,34167,37124.94535413537
d_1321,31792,37132.31911859322
d_1322,34480,37139.692883051066
d_1323,38359,37147.06664750891
d_1324,47579,37154.44041196676
d_1325,45747,37161.81417642461
d_1326,36559,37169.18794088245
d_1327,31037,37176.5617053403
d_1328,29831,37183.93546979815
d_1329,28861,37191.30923425599
d_1330,34832,37198.68299871384
d_1331,43032,37206.056763171684
d_1332,44402,37213.430527629534
d_1333,31510,37220.80429208738
d_1334,29410,37228.17805654522
d_1335,29001,37235.55182100307
d_1336,29511,37242.925585460915
d_1337,33127,37250.299349918765
d_1338,40839,37257.67311437661
d_1339,42924,37265.04687883446
d_1340,31473,37272.4206432923
d_1341,29990,37279.794407750145
d_1342,34602,37287.168172207996
d_1343,34249,37294.541936665846
d_1344,41836,37301.91570112369
d_1345,47199,37309.28946558153
d_1346,48361,37316.66323003938
d_1347,37719,37324.036994497226
d_1348,33151,37331.41075895508
d_1349,33185,37338.78452341292
d_1350,33738,37346.15828787077
d_1351,35001,37353.532052328614
d_1352,44561,37360.90581678646
d_1353,46735,37368.27958124431
d_1354,33557,37375.65334570215
d_1355,32451,37383.02711016
d_1356,34193,37390.400874617844
d_1357,29936,37397.774639075695
d_1358,33430,37405.14840353354
d_1359,43755,37412.52216799138
d_1360,43456,37419.89593244923
d_1361,32233,37427.26969690708
d_1362,29367,37434.643461364925
d_1363,27926,37442.01722582277
d_1364,28506,37449.39099028062
d_1365,32790,37456.76475473846
d_1366,40753,37464.13851919631
d_1367,40197,37471.512283654156
d_1368,31203,37478.88604811201
d_1369,28340,37486.25981256985
d_1370,27563,37493.63357702769
d_1371,30235,37501.00734148554
d_1372,32850,37508.38110594339
d_1373,44249,37515.75487040124
d_1374,46072,37523.12863485908
d_1375,38564,37530.50239931693
d_1376,31952,37537.876163774774
d_1377,30832,37545.24992823262
d_1378,33223,37552.62369269047
d_1379,34763,37559.99745714832
d_1380,44270,37567.37122160616
d_1381,47415,37574.744986064004
d_1382,34449,37582.118750521855
d_1383,32588,37589.4925149797
d_1384,30490,37596.86627943755
d_1385,28711,37604.24004389539
d_1386,34739,37611.61380835324
d_1387,44383,37618.987572811086
d_1388,43516,37626.36133726893
d_1389,31811,37633.73510172678
d_1390,28014,37641.10886618462
d_1391,28047,37648.48263064247
d_1392,28247,37655.856395100316
d_1393,32863,37663.23015955817
d_1394,42402,37670.60392401601
d_1395,40630,37677.97768847385
d_1396,31598,37685.3514529317
d_1397,31888,37692.725217389554
d_1398,36903,37700.0989818474
d_1399,21844,37707.47274630524
d_1400,26354,37714.84651076309
d_1401,34456,37722.220275220934
d_1402,35805,37729.594039678785
d_1403,34305,37736.96780413663
d_1404,30569,37744.34156859448
d_1405,32605,37751.71533305232
d_1406,31516,37759.089097510165
d_1407,36963,37766.462861968015
d_1408,43815,37773.836626425866
d_1409,42527,37781.21039088371
d_1410,33114,37788.58415534155
d_1411,32667,37795.9579197994
d_1412,31898,37803.331684257246
d_1413,26115,37810.70544871509
d_1414,33502,37818.07921317294
d_1415,40036,37825.45297763079
d_1416,42006,37832.82674208863
d_1417,34127,37840.20050654648
d_1418,29936,37847.57427100433
d_1419,30152,37854.94803546217
d_1420,32367,37862.32179992002
d_1421,29834,37869.695564377864
d_1422,38421,37877.069328835714
d_1423,38488,37884.44309329356
d_1424,33736,37891.8168577514
d_1425,34862,37899.19062220925
d_1426,29617,37906.5643866671
d_1427,20,37913.938151124945
d_1428,32909,37921.31191558279
d_1429,32594,37928.68568004064
d_1430,31894,37936.05944449848
d_1431,29990,37943.433208956325
d_1432,29417,37950.806973414175
d_1433,33450,37958.180737872026
d_1434,26452,37965.55450232987
d_1435,39633,37972.92826678771
d_1436,41085,37980.30203124556
d_1437,39647,37987.675795703406
d_1438,34691,37995.04956016126
d_1439,32682,38002.4233246191
d_1440,29165,38009.79708907695
d_1441,29029,38017.17085353479
d_1442,34385,38024.54461799264
d_1443,43946,38031.91838245049
d_1444,45066,38039.29214690834
d_1445,35574,38046.66591136618
d_1446,30324,38054.039675824024
d_1447,31059,38061.413440281875
d_1448,33063,38068.78720473972
d_1449,34889,38076.16096919757
d_1450,45169,38083.53473365541
d_1451,40724,38090.90849811326
d_1452,34412,38098.282262571105
d_1453,28363,38105.65602702895
d_1454,28109,38113.0297914868
d_1455,25795,38120.40355594464
d_1456,32221,38127.77732040249
d_1457,42181,38135.151084860336
d_1458,42623,38142.524849318186
d_1459,30358,38149.89861377603
d_1460,27873,38157.27237823387
d_1461,28104,38164.64614269172
d_1462,28225,38172.01990714957
d_1463,37440,38179.39367160742
d_1464,50828,38186.76743606526
d_1465,40385,38194.14120052311
d_1466,35006,38201.514964980954
d_1467,37405,38208.888729438804
d_1468,33992,38216.26249389665
d_1469,34647,38223.6362583545
d_1470,36809,38231.01002281234
d_1471,50836,38238.383787270184
d_1472,49719,38245.757551728035
d_1473,39170,38253.13131618588
d_1474,35464,38260.50508064373
d_1475,35701,38267.87884510157
d_1476,38570,38275.25260955942
d_1477,36936,38282.626374017265
d_1478,41614,38290.00013847511
d_1479,44007,38297.37390293296
d_1480,37147,38304.74766739081
d_1481,30697,38312.12143184865
d_1482,28505,38319.495196306496
d_1483,28808,38326.86896076435
d_1484,33119,38334.24272522219
d_1485,42109,38341.61648968004
d_1486,43759,38348.99025413788
d_1487,31522,38356.364018595734
d_1488,29780,38363.73778305358
d_1489,29227,38371.11154751142
d_1490,29223,38378.48531196927
d_1491,33566,38385.859076427114
d_1492,44154,38393.232840884964
d_1493,45186,38400.60660534281
d_1494,35398,38407.98036980066
d_1495,34387,38415.3541342585
d_1496,31774,38422.727898716344
d_1497,32819,38430.101663174195
d_1498,35937,38437.475427632045
d_1499,44229,38444.84919208989
d_1500,47379,38452.22295654773
d_1501,36020,38459.59672100558
d_1502,33597,38466.970485463426
d_1503,32891,38474.344249921276
d_1504,34391,38481.71801437912
d_1505,36623,38489.09177883697
d_1506,44471,38496.46554329481
d_1507,48827,38503.839307752656
d_1508,35495,38511.21307221051
d_1509,31412,38518.58683666835
d_1510,29947,38525.9606011262
d_1511,29369,38533.33436558404
d_1512,32999,38540.708130041894
d_1513,41982,38548.08189449974
d_1514,44014,38555.45565895758
d_1515,32338,38562.82942341543
d_1516,26841,38570.20318787328
d_1517,31995,38577.576952331125
d_1518,29902,38584.95071678897
d_1519,32535,38592.32448124682
d_1520,41531,38599.69824570466
d_1521,42583,38607.07201016251
d_1522,31899,38614.445774620355
d_1523,30956,38621.819539078206
d_1524,35060,38629.19330353605
d_1525,33817,38636.56706799389
d_1526,44108,38643.94083245174
d_1527,48419,38651.314596909586
d_1528,41636,38658.688361367436
d_1529,36215,38666.06212582528
d_1530,33911,38673.43589028313
d_1531,34149,38680.80965474097
d_1532,34437,38688.18341919882
d_1533,36853,38695.55718365667
d_1534,45272,38702.93094811452
d_1535,47180,38710.30471257236
d_1536,34494,38717.678477030204
d_1537,33597,38725.052241488054
d_1538,34690,38732.4260059459
d_1539,31431,38739.79977040375
d_1540,33059,38747.17353486159
d_1541,42516,38754.54729931944
d_1542,44359,38761.921063777285
d_1543,33118,38769.29482823513
d_1544,30227,38776.66859269298
d_1545,30382,38784.04235715082
d_1546,30658,38791.41612160867
d_1547,34423,38798.789886066515
d_1548,43598,38806.163650524366
d_1549,43406,38813.53741498221
d_1550,33444,38820.91117944005
d_1551,29750,38828.2849438979
d_1552,28667,38835.65870835575
d_1553,30553,38843.0324728136
d_1554,40976,38850.40623727144
d_1555,47052,38857.78000172929
d_1556,49102,38865.15376618713
d_1557,38169,38872.527530644984
d_1558,35089,38879.90129510283
d_1559,35296,38887.27505956068
d_1560,33321,38894.64882401852
d_1561,37424,38902.022588476364
d_1562,47269,38909.396352934215
d_1563,38030,38916.770117392065
d_1564,37192,38924.14388184991
d_1565,35033,38931.51764630775
d_1566,33685,38938.8914107656
d_1567,32054,38946.265175223445
d_1568,37764,38953.63893968129
d_1569,44336,38961.01270413914
d_1570,44493,38968.38646859699
d_1571,34296,38975.76023305483
d_1572,30671,38983.133997512676
d_1573,31158,38990.507761970526
d_1574,30601,38997.88152642837
d_1575,36267,39005.25529088622
d_1576,39975,39012.62905534406
d_1577,37426,39020.00281980191
d_1578,37817,39027.37658425976
d_1579,30879,39034.7503487176
d_1580,30097,39042.12411317545
d_1581,30216,39049.4978776333
d_1582,32925,39056.871642091144
d_1583,40938,39064.24540654899
d_1584,43463,39071.61917100684
d_1585,38654,39078.99293546468
d_1586,37424,39086.36669992253
d_1587,37990,39093.740464380375
d_1588,34922,39101.114228838225
d_1589,39889,39108.48799329607
d_1590,47507,39115.86175775391
d_1591,48426,39123.23552221176
d_1592,39922,39130.609286669605
d_1593,38184,39137.983051127456
d_1594,35176,39145.3568155853
d_1595,35585,39152.73058004315
d_1596,40282,39160.10434450099
d_1597,44853,39167.478108958836
d_1598,48981,39174.85187341669
d_1599,47580,39182.22563787454
d_1600,31698,39189.59940233238
d_1601,31478,39196.97316679022
d_1602,34425,39204.346931248074
d_1603,37829,39211.72069570592
d_1604,44255,39219.09446016377
d_1605,41413,39226.46822462161
d_1606,34846,39233.84198907946
d_1607,33071,39241.215753537304
d_1608,31622,39248.58951799515
d_1609,32376,39255.963282453
d_1610,35945,39263.33704691084
d_1611,42213,39270.71081136869
d_1612,42946,39278.084575826535
d_1613,33928,39285.458340284385
d_1614,32179,39292.83210474223
d_1615,38077,39300.20586920007
d_1616,41844,39307.57963365792
d_1617,54154,39314.95339811577
d_1618,37489,39322.327162573616
d_1619,43532,39329.70092703146
d_1620,41538,39337.07469148931
d_1621,37355,39344.44845594715
d_1622,36049,39351.822220405
d_1623,38210,39359.19598486285
d_1624,39895,39366.5697493207
d_1625,47405,39373.94351377854
d_1626,49594,39381.31727823638
d_1627,39058,39388.691042694234
d_1628,36831,39396.06480715208
d_1629,38095,39403.43857160993
d_1630,37478,39410.81233606777
d_1631,41847,39418.18610052562
d_1632,45660,39425.559864983465
d_1633,47784,39432.93362944131
d_1634,37547,39440.30739389916
d_1635,34138,39447.68115835701
d_1636,33376,39455.05492281485
d_1637,34195,39462.428687272695
d_1638,38441,39469.802451730546
d_1639,42624,39477.17621618839
d_1640,44192,39484.54998064624
d_1641,36126,39491.92374510408
d_1642,32955,39499.29750956193
d_1643,31593,39506.671274019776
d_1644,33587,39514.04503847762
d_1645,41478,39521.41880293547
d_1646,49150,39528.79256739331
d_1647,51541,39536.166331851164
d_1648,45257,39543.54009630901
d_1649,37658,39550.91386076686
d_1650,38279,39558.2876252247
d_1651,37798,39565.661389682544
d_1652,40137,39573.035154140394
d_1653,48104,39580.408918598245
d_1654,51961,39587.78268305609
d_1655,38324,39595.15644751393
d_1656,36449,39602.53021197178
d_1657,37351,39609.903976429625
d_1658,36055,39617.277740887475
d_1659,40762,39624.65150534532
d_1660,48436,39632.02526980317
d_1661,50540,39639.39903426101
d_1662,39112,39646.772798718855
d_1663,35245,39654.146563176706
d_1664,33707,39661.52032763455
d_1665,32516,39668.8940920924
d_1666,36963,39676.26785655024
d_1667,45080,39683.64162100809
d_1668,47596,39691.01538546594
d_1669,35093,39698.38914992378
d_1670,31295,39705.76291438163
d_1671,31967,39713.13667883948
d_1672,32076,39720.510443297324
d_1673,36251,39727.88420775517
d_1674,45236,39735.25797221302
d_1675,48517,39742.63173667086
d_1676,35885,39750.00550112871
d_1677,37955,39757.379265586555
d_1678,36590,39764.753030044405
d_1679,39619,39772.12679450225
d_1680,39270,39779.50055896009
d_1681,47487,39786.87432341794
d_1682,45248,39794.248087875785
d_1683,45762,39801.621852333636
d_1684,36169,39808.99561679148
d_1685,38102,39816.36938124933
d_1686,35693,39823.74314570717
d_1687,40286,39831.116910165016
d_1688,50103,39838.490674622866
d_1689,51340,39845.86443908072
d_1690,38071,39853.23820353856
d_1691,37425,39860.6119679964
d_1692,33645,39867.98573245425
d_1693,33998,39875.3594969121
d_1694,38689,39882.73326136995
d_1695,48279,39890.10702582779
d_1696,49979,39897.48079028564
d_1697,36145,39904.854554743484
d_1698,33518,39912.22831920133
d_1699,33497,39919.60208365918
d_1700,32967,39926.97584811703
